-2.43034,-2.43034,-2.97865,-2.90921,-2.26735,-1.07552,0.63921,2.84760,5.51858,8.61023,12.06489,15.80476,19.73131,23.73253,27.69000,31.48684,35.01793,38.19531,40.95099,43.24224,45.05756,46.41659,47.36171,47.94401,48.22139,48.25748,48.11754,47.86252,47.54144,47.19028,46.83509,46.49316,46.17406,45.88134,45.61612,45.37690,45.16165,44.96815,44.79477,44.64029,44.50377,44.38425,44.28091,44.19352,44.12186,44.06382,44.01680,43.98346,43.96812,43.96510,43.96695,43.98337,44.03182,44.12532,44.28872,44.55750,44.96430,45.54876,46.34776,47.38862,48.68979,50.25822,52.08678,54.15024,56.40653,58.79883,61.25405,63.68252,66.02595,68.20592,70.04442,71.59058,73.00626,73.59335,73.38180,74.46192,73.81010,67.65869,70.37675,75.40894,41.71730,41.71730,0.00000
-2.43034,-2.43034,-2.97865,-2.90921,-2.26735,-1.07552,0.63921,2.84760,5.51858,8.61023,12.06489,15.80476,19.73131,23.73253,27.69000,31.48684,35.01793,38.19531,40.95099,43.24224,45.05756,46.41659,47.36171,47.94401,48.22139,48.25748,48.11754,47.86252,47.54144,47.19028,46.83509,46.49316,46.17406,45.88134,45.61612,45.37690,45.16165,44.96815,44.79477,44.64029,44.50377,44.38425,44.28091,44.19352,44.12186,44.06382,44.01680,43.98346,43.96812,43.96510,43.96695,43.98337,44.03182,44.12532,44.28872,44.55750,44.96430,45.54876,46.34776,47.38862,48.68979,50.25822,52.08678,54.15024,56.40653,58.79883,61.25405,63.68252,66.02595,68.20592,70.04442,71.59058,73.00626,73.59335,73.38180,74.46192,73.81010,67.65869,70.37675,75.40894,41.71730,41.71730,0.00000
-3.38802,-3.38802,-3.93933,-3.85632,-3.19924,-1.98775,-0.24148,2.02225,4.78526,8.01210,11.64424,15.60125,19.78271,24.07178,28.34158,32.46394,36.31901,39.80153,42.82983,45.35315,47.35713,48.85936,49.89840,50.52572,50.80489,50.81225,50.62277,50.30522,49.91255,49.48386,49.04789,48.62555,48.22697,47.85782,47.51920,47.20998,46.92775,46.67002,46.43504,46.22145,46.02809,45.85385,45.69775,45.55934,45.43813,45.33209,45.23986,45.16537,45.11058,45.06501,45.02513,45.01059,45.03487,45.10316,45.23908,45.49066,45.89410,46.49245,47.32615,48.42442,49.80569,51.47560,53.42428,55.62242,58.02172,60.55949,63.15505,65.70778,68.15138,70.41351,72.29454,73.84823,75.29417,75.85371,75.45285,76.62319,76.17756,69.12673,72.36446,80.83333,42.84944,42.84944,0.00000
-4.58527,-4.58527,-5.15327,-5.06196,-4.39922,-3.18839,-1.43690,0.85961,3.69674,7.04312,10.84161,15.01436,19.46161,24.06198,28.67653,33.15806,37.36214,41.16264,44.46361,47.20818,49.37616,50.98006,52.05719,52.66716,52.89476,52.83233,52.56312,52.16121,51.68414,51.17185,50.65666,50.16019,49.69336,49.26071,48.86214,48.49592,48.15907,47.84909,47.56410,47.30257,47.06303,46.84418,46.64499,46.46489,46.30327,46.15862,46.03076,45.92310,45.83285,45.74733,45.67327,45.63782,45.63163,45.64632,45.72674,45.92793,46.29858,46.88847,47.74002,48.88412,50.34052,52.11565,54.19895,56.55790,59.13761,61.86722,64.65310,67.38046,69.97017,72.34283,74.28000,75.85436,77.32262,77.85049,77.32500,78.57607,78.26498,70.71381,74.62437,85.46629,44.59786,44.59786,0.00000
-6.20068,-6.20068,-6.81123,-6.72727,-6.07253,-4.87295,-3.11700,-0.77683,2.15120,5.63762,9.63616,14.08178,18.87848,23.89372,28.96271,33.90238,38.53555,42.71178,46.32024,49.28940,51.58871,53.22892,54.26697,54.78942,54.90647,54.72720,54.32992,53.80079,53.20697,52.59255,51.99159,51.42356,50.89628,50.41061,49.96168,49.54679,49.16269,48.80645,48.47696,48.17261,47.89166,47.63268,47.39465,47.17702,46.97920,46.80006,46.63969,46.49932,46.37306,46.25093,46.15018,46.08769,46.01623,45.93217,45.91394,46.02620,46.33655,46.89737,47.74748,48.92019,50.44265,52.32883,54.57209,57.13860,59.96562,62.96903,66.03838,69.03809,71.87069,74.43754,76.50648,78.13926,79.63090,80.13728,79.53539,80.85178,80.62951,72.80289,77.29102,89.61575,46.68311,46.68311,0.00000
-8.27808,-8.27808,-8.95467,-8.89795,-8.27070,-7.09781,-5.34272,-2.96165,0.05242,3.68680,7.92566,12.72754,17.98913,23.54799,29.19474,34.70128,39.85458,44.47661,48.42622,51.60694,53.98018,55.58911,56.52664,56.91224,56.86762,56.50344,55.91253,55.21330,54.48418,53.76899,53.09365,52.47025,51.89864,51.37141,50.88091,50.42605,50.00338,49.60751,49.23885,48.89565,48.57670,48.28081,48.00716,47.75513,47.52404,47.31287,47.12100,46.94809,46.78757,46.63353,46.50345,46.39114,46.20948,45.99638,45.85156,45.86804,46.10952,46.61305,47.41626,48.57193,50.13006,52.12056,54.54454,57.36795,60.51847,63.89352,67.35890,70.74897,73.93586,76.80182,79.10317,80.86831,82.40572,82.88085,82.21163,83.56751,83.39001,75.34315,80.27718,93.61501,48.90429,48.90429,0.00000
-10.81334,-10.81334,-11.57722,-11.57303,-11.00721,-9.89285,-8.16766,-5.77883,-2.70441,1.08416,5.62210,10.86995,16.69478,22.89059,29.20086,35.35736,41.10984,46.23117,50.52849,53.87789,56.27585,57.81469,58.62750,58.81441,58.52070,57.89460,57.05863,56.20428,55.39633,54.64365,53.94967,53.31252,52.72303,52.16539,51.63530,51.14528,50.68720,50.25639,49.85471,49.47789,49.12533,48.79645,48.49098,48.20818,47.94714,47.70662,47.48529,47.28147,47.08984,46.90385,46.73116,46.55091,46.26098,45.92495,45.68334,45.61165,45.74236,46.10089,46.76733,47.83927,49.39269,51.47227,54.08866,57.21113,60.75907,64.60787,68.59175,72.50335,76.17021,79.44796,82.07209,84.04868,85.69212,86.16277,85.39523,86.73423,86.53826,78.24811,83.52046,97.63767,51.21619,51.21619,0.00000
-13.78543,-13.78543,-14.66685,-14.75477,-14.29799,-13.28434,-11.63389,-9.28405,-6.17771,-2.22445,2.64088,8.35693,14.74873,21.59729,28.61626,35.49180,41.90497,47.54275,52.15101,55.62796,58.02760,59.49380,60.11251,60.00117,59.36997,58.50210,57.55410,56.68113,55.90437,55.19888,54.54902,53.94161,53.36425,52.80397,52.25724,51.74154,51.24549,50.77593,50.33939,49.93065,49.54832,49.19089,48.85784,48.54813,48.26067,47.99399,47.74606,47.51412,47.29304,47.07539,46.85627,46.61895,46.28832,45.88714,45.56347,45.35719,45.26928,45.39554,45.88087,46.84700,48.36358,50.48939,53.26446,56.68243,60.66657,65.07092,69.68910,74.25613,78.53585,82.34312,85.38078,87.62504,89.42359,89.94978,89.09981,90.33809,90.03771,81.45369,86.97984,101.74568,53.61870,53.61870,0.00000
-17.16929,-17.16929,-18.20842,-18.43846,-18.13407,-17.26428,-15.74410,-13.49448,-10.41747,-6.35991,-1.25207,4.80894,11.68449,19.16352,26.91968,34.55778,41.63934,47.74695,52.61520,56.20270,58.61585,59.95669,60.30960,59.85789,59.08861,58.24250,57.43710,56.71180,56.05826,55.45347,54.88083,54.32842,53.78812,53.25451,52.72511,52.20701,51.69545,51.20071,50.73146,50.28469,49.87016,49.48516,49.12756,48.79397,48.48305,48.19295,47.92109,47.66398,47.41655,47.17180,46.92197,46.65387,46.33809,45.94231,45.53353,45.12892,44.83653,44.81420,45.21285,46.06739,47.45057,49.49063,52.29734,55.91582,60.29269,65.27032,70.59748,75.93349,80.95299,85.40756,88.95019,91.51632,93.49733,94.10004,93.19664,94.33271,93.85131,84.90992,90.61198,105.93147,56.10536,56.10536,0.00000
-20.93077,-20.93077,-22.17210,-22.58594,-22.46884,-21.79757,-20.48978,-18.46037,-15.54759,-11.55366,-6.40535,-0.17572,7.06226,15.11514,23.51331,31.77017,39.35545,45.80999,50.91201,54.65183,57.10110,58.32681,58.54337,58.16893,57.69790,57.20005,56.71016,56.23766,55.77659,55.31763,54.85465,54.38452,53.90627,53.42055,52.92926,52.43673,51.94540,51.45967,50.98558,50.52204,50.08461,49.67566,49.29831,48.94727,48.62068,48.31528,48.02807,47.75570,47.49394,47.23746,46.97946,46.71101,46.41646,46.07538,45.66956,45.24583,44.94943,44.97066,45.27754,45.88868,46.97558,48.80264,51.52341,55.21419,59.85872,65.32034,71.32861,77.46981,83.31008,88.50887,92.64192,95.58548,97.77670,98.45889,97.47450,98.53680,97.90221,88.55826,94.35499,110.14206,58.64690,58.64690,0.00000
-25.01365,-25.01365,-26.49808,-27.12198,-27.23620,-26.84163,-25.87613,-24.22455,-21.65420,-17.91043,-12.94344,-6.74753,0.67368,8.98892,17.70738,26.31707,34.23657,41.01454,46.44322,50.46207,53.07237,54.50164,55.12376,55.40557,55.53238,55.54233,55.46014,55.30264,55.08126,54.80504,54.48236,54.12117,53.72884,53.31223,52.87775,52.43159,51.97916,51.52534,51.07523,50.63069,50.19934,49.78776,49.40324,49.04200,48.70871,48.39837,48.10805,47.83512,47.57655,47.32858,47.08690,46.84593,46.60112,46.34815,46.09437,45.86904,45.75894,45.75072,45.83442,46.13828,47.10078,48.88700,51.54379,55.19255,59.90422,65.62174,72.11218,78.92912,85.54245,91.50141,96.27062,99.63699,102.06964,102.84189,101.75739,102.72482,102.00257,92.27372,98.11531,114.29653,61.18990,61.18990,0.00000
-29.33851,-29.33851,-31.09062,-31.95284,-32.35503,-32.33818,-31.85144,-30.72104,-28.63138,-25.36156,-20.85413,-15.05891,-7.91581,0.23177,8.94212,17.95144,26.45269,33.86756,39.91506,44.46010,47.63179,49.80633,51.34058,52.46171,53.26661,53.81260,54.14643,54.30769,54.32951,54.23935,54.05996,53.81018,53.50557,53.15905,52.78145,52.38192,51.96815,51.54659,51.12291,50.70150,50.28783,49.88709,49.50421,49.13878,48.79756,48.47800,48.18230,47.90874,47.65470,47.41799,47.19749,46.99380,46.81108,46.66019,46.55137,46.50239,46.48976,46.49370,46.55949,47.15723,48.49840,50.50224,53.05371,56.49575,61.03933,66.72111,73.37334,80.56659,87.72648,94.31307,99.66587,103.45446,106.14926,107.03022,105.85156,106.72506,105.93240,95.85092,101.74469,118.29519,63.65041,63.65041,0.00000
-33.80010,-33.80010,-35.83610,-36.97107,-37.72438,-38.18062,-38.27428,-37.75975,-36.32293,-33.83216,-30.24780,-25.28459,-18.86610,-11.10508,-2.09975,7.50020,16.67649,24.85152,31.71520,37.10572,41.30307,44.58334,47.14072,49.11144,50.59472,51.67629,52.43057,52.92136,53.20196,53.31610,53.29925,53.18008,52.98166,52.72262,52.41803,52.08022,51.71924,51.34338,50.95962,50.57384,50.19146,49.81731,49.45588,49.10945,48.77984,48.46766,48.18109,47.92098,47.68551,47.47451,47.29071,47.13941,47.02957,46.97249,46.98027,47.05567,47.22971,47.55093,48.29654,49.54367,51.33330,53.07086,55.33454,58.70938,63.18457,68.77371,75.37665,82.63781,90.02249,96.97093,102.73134,106.86052,109.80073,110.80254,109.55523,110.35824,109.51499,99.10446,105.06362,121.99499,65.90975,65.90975,0.00000
-38.27808,-38.27808,-40.61668,-42.05812,-43.21618,-44.20603,-44.92984,-45.11360,-44.54409,-43.19044,-40.79616,-36.87114,-31.02340,-23.30656,-13.73833,-3.31179,6.02864,14.58907,22.22087,28.71317,34.14651,38.59005,42.15438,44.95674,47.11635,48.74498,49.94205,50.79250,51.36703,51.72328,51.90788,51.95818,51.90412,51.76960,51.57386,51.33239,51.05779,50.76034,50.44863,50.12986,49.81026,49.49521,49.18952,48.89673,48.61903,48.35846,48.12330,47.91720,47.74029,47.59671,47.49353,47.43960,47.44696,47.53258,47.71865,48.04419,48.56936,49.42737,50.64722,52.18770,53.43519,54.89108,57.23375,61.23589,66.00964,71.61539,78.08862,85.19570,92.50597,99.51042,105.42740,109.74317,112.86208,113.97365,112.68936,113.45975,112.59463,101.90900,107.93234,125.21322,67.84437,67.84437,0.00000
-42.65702,-42.65702,-45.31246,-47.08446,-48.67311,-50.20754,-51.56898,-52.52882,-53.00903,-52.92078,-51.63943,-48.40107,-42.87741,-34.64468,-24.61347,-14.23670,-4.16149,5.89316,15.25143,23.40807,30.21048,35.71666,40.07770,43.46969,46.06358,48.01173,49.44390,50.46728,51.16888,51.61837,51.87119,51.97120,51.95313,51.84441,51.66686,51.43786,51.17141,50.87884,50.56948,50.25108,49.93020,49.61243,49.30259,49.00465,48.72174,48.45732,48.21726,48.00562,47.82414,47.67977,47.58318,47.54520,47.58143,47.71436,47.97734,48.41368,49.08161,50.01218,51.21939,52.46838,54.08577,56.36413,60.94649,65.79377,70.12483,75.28479,81.36400,88.09300,95.08185,101.87555,107.70307,112.03062,115.23099,116.41716,115.12346,115.90317,115.04925,104.16549,110.25358,127.79098,69.36448,69.36448,0.00000
-46.82917,-46.82917,-49.80536,-51.91272,-53.92057,-55.96730,-57.94921,-59.72663,-61.28034,-62.27212,-61.70853,-58.83161,-53.25923,-44.95153,-34.75744,-25.25796,-15.84752,-2.61873,9.78707,20.14349,28.39248,34.81478,39.74478,43.48527,46.28863,48.35871,49.85745,50.91247,51.62355,52.06862,52.30825,52.38967,52.34962,52.21685,52.01393,51.75871,51.46538,51.14541,50.80810,50.46119,50.11112,49.76336,49.42254,49.09257,48.77696,48.47923,48.20337,47.95278,47.73077,47.54343,47.40117,47.31573,47.30394,47.38976,47.60437,47.98717,48.58050,49.45210,50.69511,52.62114,55.57982,60.68051,66.41922,71.72379,74.44830,79.02360,84.68810,90.96701,97.50204,103.90979,109.46575,113.66148,116.84942,118.06622,116.78520,117.61206,116.79945,105.80510,111.95545,129.62660,70.41177,70.41177,0.00000
-50.69740,-50.69740,-53.98510,-56.40944,-58.79343,-61.29587,-63.85609,-66.39547,-68.82597,-70.48351,-70.18230,-67.41918,-61.80211,-53.36119,-44.60878,-35.04658,-25.75387,-14.41794,-2.24508,8.45008,17.26483,24.34165,29.95090,34.36406,37.81686,40.50483,42.58547,44.18513,45.40369,46.32069,46.99865,47.48748,47.82651,48.04741,48.17535,48.23091,48.23071,48.18863,48.11615,48.02315,47.91805,47.80828,47.70034,47.60009,47.51306,47.44469,47.40035,47.38572,47.40773,47.47501,47.59784,47.79199,48.07853,48.48507,49.04785,49.81344,50.85127,52.26257,54.24372,57.00818,60.91567,65.36447,70.18455,70.55072,74.24133,81.24609,87.39935,93.44455,99.51882,105.45206,110.62446,114.59203,117.69613,118.90566,117.65713,118.56095,117.81223,106.79515,112.99974,130.67437,70.96733,70.96733,0.00000
-54.18224,-54.18224,-57.75787,-60.46126,-63.16140,-66.04742,-69.09453,-72.21550,-75.16474,-77.04248,-76.68374,-73.90618,-68.33748,-59.98724,-52.69301,-45.35304,-32.01551,-14.41794,-2.24508,8.45008,17.26483,24.34165,29.95090,34.36406,37.81686,40.50483,42.58547,44.18513,45.40369,46.32069,46.99865,47.48748,47.82651,48.04741,48.17535,48.23091,48.23071,48.18863,48.11615,48.02315,47.91805,47.80828,47.70034,47.60009,47.51306,47.44469,47.40035,47.38572,47.40773,47.47501,47.59784,47.79199,48.07853,48.48507,49.04785,49.81344,50.85127,52.26257,54.24372,57.00818,60.91567,65.36447,70.18455,70.55072,74.24133,84.85221,90.28533,95.66226,101.09584,106.44736,111.15144,114.82420,117.79240,118.96641,117.76820,118.76903,118.09805,107.13988,113.38547,130.93911,71.04527,71.04527,0.00000
-57.22562,-57.22562,-61.05348,-63.98695,-66.93458,-70.11228,-73.49698,-76.93309,-80.03824,-81.82141,-81.26014,-78.42970,-73.03935,-65.14239,-59.37118,-54.55817,-40.86543,-40.86543,-19.76080,-10.32058,-1.91945,5.38286,11.63145,16.92507,21.38194,25.12075,28.25137,30.87123,33.06449,34.90274,36.44631,37.74577,38.84343,39.77471,40.56934,41.25239,41.84512,42.36573,42.82999,43.25168,43.64307,44.01523,44.37838,44.74217,45.11598,45.50926,45.93181,46.39425,46.90855,47.48859,48.15093,48.91577,49.80788,50.85759,52.10207,53.58669,55.36660,57.50607,60.07202,63.10921,66.59871,70.38923,74.24631,77.94051,88.82739,88.82739,93.11920,97.56874,102.22037,106.90634,111.08217,114.41218,117.20358,118.31953,117.18433,118.29119,117.70346,106.87501,113.14391,130.46790,70.68897,70.68897,0.00000
-59.79370,-59.79370,-63.83038,-66.94033,-70.06195,-73.41877,-76.95630,-80.44804,-83.44254,-84.96626,-84.13069,-81.23889,-76.18252,-69.09993,-64.79472,-61.94294,-48.82006,-48.82006,-27.30880,-18.04082,-9.74784,-2.42745,3.96254,9.49488,14.25831,18.34595,21.84782,24.84695,27.41756,29.62476,31.52492,33.16649,34.59092,35.83362,36.92489,37.89072,38.75353,39.53280,40.24562,40.90713,41.53099,42.12966,42.71475,43.29738,43.88839,44.49877,45.13991,45.82407,46.56482,47.37758,48.28024,49.29389,50.44350,51.75867,53.27426,55.03091,57.07476,59.45517,62.21843,65.39484,68.98314,72.94447,77.25279,82.01617,92.22717,92.22717,95.47610,98.99948,102.85988,106.86338,110.48833,113.44675,116.02876,117.06600,115.99769,117.20781,116.70136,106.06025,112.33224,129.33870,69.95743,69.95743,0.00000
-61.87869,-61.87869,-66.07834,-69.31187,-72.53138,-75.94697,-79.46392,-82.81973,-85.54654,-86.70420,-85.58081,-82.71430,-78.20492,-72.12776,-69.04247,-67.52878,-55.22621,-55.22621,-33.89531,-24.78606,-16.60366,-9.30734,-2.84873,2.83358,7.81049,12.15690,15.94702,19.25117,22.13403,24.65380,26.86212,28.80436,30.52014,32.04397,33.40588,34.63207,35.74548,36.76632,37.71254,38.60025,39.44410,40.25765,41.05360,41.84419,42.64145,43.45752,44.30500,45.19730,46.14907,47.17665,48.29856,49.53605,50.91358,52.45932,54.20540,56.18794,58.44636,61.02143,63.95168,67.26859,70.99455,75.15271,79.80420,85.11527,94.69213,94.69213,97.16331,99.87858,103.00375,106.36578,109.45482,112.03366,114.38312,115.32212,114.31485,115.61459,115.18108,104.77036,111.02399,127.64828,68.91956,68.91956,0.00000
-63.49891,-63.49891,-67.81694,-71.12384,-74.36731,-77.73402,-81.10503,-84.21036,-86.58853,-87.34982,-85.97715,-83.34770,-79.55862,-74.42541,-72.26610,-71.60876,-60.16959,-60.16959,-39.49371,-30.60444,-22.57341,-15.34952,-8.88370,-3.12233,1.99317,6.52416,10.53217,14.07669,17.21359,19.99430,22.46540,24.66868,26.64131,28.41622,30.02258,31.48620,32.83001,34.07446,35.23796,36.33721,37.38753,38.40322,39.39780,40.38433,41.37568,42.38485,43.42526,44.51106,45.65751,46.88139,48.20130,49.63815,51.21545,52.95962,54.90007,57.06910,59.50130,62.23250,65.29828,68.73329,72.57376,76.86763,81.69603,87.20193,96.19311,96.19311,98.13688,100.22618,102.70715,105.48026,108.06912,110.27730,112.38141,113.20504,112.24516,113.61252,113.23876,103.08751,109.30177,125.50083,67.64247,67.64247,0.00000
-64.69290,-64.69290,-69.08726,-72.42029,-75.62258,-78.86001,-82.00968,-84.81065,-86.79871,-87.20257,-85.78668,-83.53642,-80.41966,-76.10574,-74.62932,-74.50590,-63.90082,-63.90082,-44.16418,-35.56459,-27.73602,-20.63365,-14.21423,-8.43236,-3.23966,1.41438,5.58083,9.30982,12.64934,15.64439,18.33651,20.76366,22.96018,24.95703,26.78202,28.46014,30.01388,31.46355,32.82764,34.12309,35.36560,36.56991,37.75005,38.91963,40.09209,41.28096,42.50012,43.76415,45.08854,46.49008,47.98710,49.59980,51.35046,53.26363,55.36616,57.68707,60.25725,63.10897,66.27566,69.79253,73.69956,78.04801,82.91037,88.38880,96.84620,96.84620,98.43728,100.07375,102.02234,104.26950,106.41141,108.27073,110.12641,110.82150,109.89108,111.29952,110.96939,101.09398,107.24909,122.99886,66.18982,66.18982,0.00000
-65.51161,-65.51161,-69.94333,-73.26063,-76.37198,-79.43252,-82.32499,-84.79392,-86.39530,-86.49886,-85.18664,-83.40803,-80.89663,-77.27257,-76.29442,-76.49978,-66.67224,-66.67224,-48.01080,-39.75374,-32.17242,-25.23482,-18.90721,-13.15324,-7.93382,-3.20781,1.06694,4.93243,8.42957,11.59739,14.47260,17.08925,19.47872,21.66969,23.68833,25.55846,27.30181,28.93822,30.48595,31.96190,33.38186,34.76075,36.11286,37.45207,38.79210,40.14675,41.53013,42.95687,44.44242,46.00329,47.65723,49.42349,51.32296,53.37828,55.61386,58.05578,60.73165,63.67049,66.90284,70.46160,74.38394,78.71448,83.50862,88.83278,96.80410,96.80410,98.15595,99.47065,101.02119,102.82877,104.56055,106.09232,107.70293,108.26122,107.34174,108.76398,108.46049,98.86730,104.94574,120.23664,64.61512,64.61512,0.00000
-66.01220,-66.01220,-70.44722,-73.71643,-76.70723,-79.57198,-82.20183,-84.34536,-85.62358,-85.60615,-84.49057,-83.10448,-81.08778,-78.02626,-77.40836,-77.81363,-68.69872,-68.69872,-51.15069,-43.26714,-35.96510,-29.22600,-23.02656,-17.33956,-12.13457,-7.37873,-3.03770,0.92339,4.53910,7.84301,10.86723,13.64203,16.19575,18.55469,20.74315,22.78357,24.69666,26.50156,28.21604,29.85671,31.43920,32.97838,34.48856,35.98367,37.47749,38.98383,40.51676,42.09076,43.72099,45.42342,47.21503,49.11396,51.13960,53.31268,55.65522,58.19054,60.94308,63.93848,67.20361,70.76710,74.66012,78.91734,83.57687,88.67720,96.20859,96.20859,97.39444,98.47757,99.73131,101.18563,102.56233,103.79773,105.17509,105.59443,104.66991,106.08118,105.78835,96.47623,102.46299,117.29624,62.96395,62.96395,0.00000
-66.25390,-66.25390,-70.66450,-73.86369,-76.72031,-79.38645,-81.75985,-83.60493,-84.62846,-84.59827,-83.72713,-82.67741,-81.06087,-78.45356,-78.09526,-78.62010,-70.15210,-70.15210,-53.69712,-46.19902,-39.19483,-32.67754,-26.63346,-21.04387,-15.88617,-11.13485,-6.76241,-2.74029,0.96043,4.36834,7.51126,10.41590,13.10757,15.61015,17.94600,20.13602,22.19971,24.15532,26.01994,27.80969,29.53984,31.22501,32.87932,34.51656,36.15035,37.79432,39.46230,41.16844,42.92736,44.75437,46.66552,48.67771,50.80881,53.07760,55.50382,58.10805,60.91167,63.93674,67.20603,70.74306,74.57211,78.71791,83.20429,88.05090,95.17991,95.17991,96.24633,97.15983,98.18928,99.36464,100.44701,101.42488,102.58834,102.87288,101.93177,103.31178,103.01601,93.97919,99.86224,114.24583,61.27082,61.27082,0.00000
-66.29399,-66.29399,-70.65909,-73.77496,-76.49441,-78.97003,-81.10725,-82.70598,-83.57187,-83.58954,-82.94037,-82.16569,-80.86924,-78.62777,-78.45669,-79.05104,-71.16717,-71.16717,-55.75191,-48.63699,-41.93769,-35.65586,-29.78586,-24.31631,-19.23141,-14.51207,-10.13680,-6.08255,-2.32545,1.15864,4.39359,7.40271,10.20848,12.83234,15.29468,17.61478,19.81084,21.90006,23.89872,25.82226,27.68546,29.50250,31.28715,33.05289,34.81301,36.58081,38.36970,40.19331,42.06565,44.00118,46.01495,48.12256,50.34031,52.68510,55.17440,57.82618,60.65879,63.69077,66.94071,70.42699,74.16733,78.17789,82.47150,87.05457,93.81596,93.81596,94.79444,95.58193,96.43929,97.39507,98.23949,99.00034,99.97381,100.13287,99.16858,100.50249,100.19334,91.42341,97.19342,111.13960,59.56314,59.56314,0.00000
-66.18493,-66.18493,-70.48923,-73.51547,-76.10245,-78.40435,-80.33859,-81.75076,-82.53849,-82.63069,-82.16050,-81.60064,-80.55697,-78.61015,-78.57401,-79.20650,-71.84824,-71.84824,-57.40302,-50.65936,-44.26306,-38.22236,-32.53782,-27.20409,-22.21110,-17.54524,-13.19017,-9.12767,-5.33830,-1.80194,1.50174,4.59290,7.49128,10.21604,12.78559,15.21757,17.52881,19.73537,21.85260,23.89518,25.87722,27.81237,29.71390,31.59483,33.46800,35.34622,37.24237,39.16945,41.14073,43.16977,45.27051,47.45728,49.74478,52.14807,54.68249,57.36349,60.20654,63.22684,66.43906,69.85687,73.49234,77.35480,81.44926,85.77411,92.19773,92.19773,93.10966,93.80242,94.52518,95.30676,95.96122,96.54343,97.35258,97.39896,96.40939,97.68761,97.35795,88.84570,94.49610,108.01889,57.85961,57.85961,0.00000
-65.97208,-65.97208,-70.20565,-73.14128,-75.60552,-77.75480,-79.52197,-80.79830,-81.55093,-81.72069,-81.39522,-81.00270,-80.15860,-78.45007,-78.51120,-79.16222,-72.27612,-72.27612,-58.72472,-52.33435,-46.23286,-40.43268,-34.93899,-29.75111,-24.86368,-20.26761,-15.95096,-11.89967,-8.09815,-4.52983,-1.17760,1.97584,4.94771,7.75496,10.41408,12.94110,15.35145,17.66001,19.88113,22.02863,24.11588,26.15586,28.16126,30.14452,32.11792,34.09370,36.08409,38.10139,40.15804,42.26666,44.44006,46.69126,49.03345,51.47993,54.04398,56.73875,59.57703,62.57099,65.73180,69.06910,72.59034,76.29970,80.19665,84.27405,90.38876,90.38876,91.24899,91.86721,92.48093,93.12428,93.62993,94.06863,94.73894,94.68722,93.67381,94.89135,94.53715,86.27340,91.79983,104.91391,56.17427,56.17427,0.00000
-65.69325,-65.69325,-69.85053,-72.69810,-75.05104,-77.06857,-78.70179,-79.88119,-80.61860,-80.85632,-80.64757,-80.38640,-79.70098,-78.18672,-78.31808,-78.97537,-72.51305,-72.51305,-59.77884,-53.72046,-47.90135,-42.33652,-37.03435,-31.99770,-27.22489,-22.71055,-18.44641,-14.42191,-10.62480,-7.04163,-3.65814,-0.45964,2.56877,5.44198,8.17468,10.78128,13.27586,15.67210,17.98328,20.22233,22.40179,24.53394,26.63076,28.70405,30.76547,32.82658,34.89890,36.99398,39.12338,41.29876,43.53180,45.83425,48.21784,50.69420,53.27475,55.97050,58.79185,61.74830,64.84803,68.09739,71.50024,75.05700,78.76359,82.61007,88.43902,88.43902,89.25556,89.81274,90.33473,90.86822,91.26192,91.58827,92.14321,92.00819,90.97465,92.13004,91.74981,83.72616,89.12623,101.84574,54.51544,54.51544,0.00000
-65.37842,-65.37842,-69.45714,-72.22065,-74.47366,-76.37941,-77.90753,-79.01909,-79.74802,-80.03714,-79.92098,-79.76350,-79.20542,-77.85107,-78.03321,-78.68934,-72.60746,-72.60746,-60.61653,-54.86729,-49.31556,-43.97770,-38.86420,-33.98045,-29.32762,-24.90331,-20.70222,-16.71675,-12.93751,-9.35374,-5.95372,-2.72505,0.34504,3.26951,6.06136,8.73349,11.29862,13.76923,16.15757,18.47560,20.73503,22.94733,25.12378,27.27546,29.41333,31.54823,33.69096,35.85223,38.04275,40.27318,42.55413,44.89610,47.30946,49.80430,52.39031,55.07663,57.87157,60.78233,63.81463,66.97220,70.25621,73.66448,77.19062,80.82295,86.38857,86.38857,87.16782,87.67581,88.12710,88.57455,88.87858,89.11482,89.57363,89.36883,88.32001,89.41423,89.00838,81.21729,86.49000,98.82834,52.88906,52.88906,0.00000
-65.05027,-65.05027,-69.05030,-71.73454,-73.89871,-75.71093,-77.15801,-78.21792,-78.93289,-79.25822,-79.21809,-79.14384,-78.68907,-77.46764,-77.68657,-78.33708,-72.59683,-72.59683,-61.27985,-55.81664,-50.51590,-45.39454,-40.46428,-35.73230,-31.20185,-26.87284,-22.74240,-18.80537,-15.05475,-11.48211,-8.07793,-4.83188,-1.73309,1.22966,4.06777,6.79270,9.41588,11.94864,14.40217,16.78747,19.11538,21.39658,23.64156,25.86067,28.06414,30.26207,32.46446,34.68124,36.92222,39.19709,41.51542,43.88656,46.31959,48.82321,51.40557,54.07415,56.83546,59.69482,62.65594,65.72057,68.88792,72.15410,75.51146,78.94799,84.27030,84.27030,85.01710,85.48521,85.88163,86.26166,86.49373,86.65742,87.03603,86.77347,85.71464,86.75026,86.32054,78.75542,83.90093,95.87031,51.29769,51.29769,0.00000
-64.72498,-64.72498,-68.64779,-71.25788,-73.34369,-75.07789,-76.45931,-77.47580,-78.16996,-78.51786,-78.54187,-78.53608,-78.16602,-77.05596,-77.30142,-77.94380,-72.51065,-72.51065,-61.80335,-56.60351,-51.53686,-46.62027,-41.86608,-37.28262,-32.87464,-28.64381,-24.58919,-20.70758,-16.99402,-13.44204,-10.04402,-6.79145,-3.67517,-0.68555,2.18735,4.95366,7.62357,10.20729,12.71498,15.15671,17.54245,19.88205,22.18521,24.46153,26.72049,28.97143,31.22359,33.48605,35.76778,38.07754,40.42390,42.81513,45.25914,47.76336,50.33462,52.97893,55.70132,58.50553,61.39375,64.36621,67.42079,70.55252,73.75315,77.01053,82.10899,82.10899,82.82649,83.26076,83.61382,83.94127,84.11658,84.22236,84.53423,84.22455,83.16106,84.14158,83.69060,76.34564,81.36477,92.97646,49.74308,49.74308,0.00000
-64.41372,-64.41372,-68.26176,-70.80305,-72.81993,-74.48833,-75.81519,-76.79581,-77.47496,-77.83732,-77.90480,-77.95020,-77.64828,-76.63167,-76.89592,-77.52881,-72.37185,-72.37185,-62.21537,-57.25718,-52.40779,-47.68360,-43.09716,-38.65745,-34.37027,-30.23859,-26.26294,-22.44176,-18.77171,-15.24800,-11.86465,-8.61474,-5.49061,-2.48406,0.41352,3.21100,5.91743,8.54196,11.09375,13.58195,16.01567,18.40394,20.75569,23.07975,25.38485,27.67958,29.97239,32.27159,34.58529,36.92139,39.28750,41.69091,44.13847,46.63649,49.19060,51.80563,54.48534,57.23224,60.04732,62.92974,65.87649,68.88206,71.93808,75.03304,79.92346,79.92346,80.61339,81.01760,81.33583,81.62334,81.75451,81.81445,82.07092,81.72342,80.66033,81.58973,81.12057,73.99064,78.88477,90.14894,48.22520,48.22520,0.00000
-64.12373,-64.12373,-67.90024,-70.37794,-72.33378,-73.94570,-75.22612,-76.17694,-76.84537,-77.21609,-77.31136,-77.39332,-77.14534,-76.20700,-76.48405,-77.10686,-72.19855,-72.19855,-62.53911,-57.80205,-53.15350,-48.60920,-44.18152,-39.87976,-35.71040,-31.67734,-27.78224,-24.02481,-20.40307,-16.91361,-13.55185,-10.31224,-7.18846,-4.17359,-1.26021,1.55939,4.29321,6.94936,9.53610,12.06167,14.53434,16.96235,19.35385,21.71694,24.05958,26.38964,28.71481,31.04263,33.38041,35.73522,38.11381,40.52255,42.96734,45.45350,47.98568,50.56765,53.20216,55.89077,58.63356,61.42894,64.27338,67.16115,70.08406,73.03122,77.72918,77.72918,78.39396,78.77424,79.06464,79.31883,79.41444,79.43777,79.64813,79.27076,78.21271,79.09507,78.61100,71.69145,76.46220,87.38826,46.74400,46.74400,0.00000
-63.85951,-63.85951,-67.56811,-69.98710,-71.88840,-73.45111,-74.69196,-75.61829,-76.27709,-76.64976,-76.76166,-76.86930,-76.66387,-75.79122,-76.07649,-76.68908,-72.00473,-72.00473,-62.79351,-58.25840,-53.79499,-49.41816,-45.13995,-40.96969,-36.91423,-32.97812,-29.16387,-25.47218,-21.90214,-18.45152,-15.11690,-11.89392,-8.77743,-5.76161,-2.84018,-0.00643,2.74663,5.42619,8.03960,10.59427,13.09767,15.55725,17.98043,20.37456,22.74690,25.10458,27.45458,29.80370,32.15850,34.52527,36.90997,39.31813,41.75482,44.22451,46.73096,49.27711,51.86490,54.49511,57.16719,59.87907,62.62694,65.40510,68.20578,71.01908,75.53839,75.53839,76.18005,76.54077,76.80860,77.03492,77.10159,77.09556,77.26737,76.86689,75.81798,76.65728,76.16154,69.44808,74.09728,84.69388,45.29858,45.29858,0.00000
-63.62344,-63.62344,-67.26793,-69.63264,-71.48477,-73.00415,-74.21072,-75.11538,-75.76308,-76.12970,-76.25037,-76.37888,-76.20818,-75.39111,-75.68115,-76.28375,-71.80127,-71.80127,-62.99401,-58.64305,-54.34990,-50.12852,-45.99043,-41.94483,-37.99871,-34.15705,-30.42296,-26.79789,-23.28181,-19.87342,-16.57031,-13.36913,-10.26571,-7.25527,-4.33247,-1.49156,1.27355,3.96918,6.60184,9.17815,11.70482,14.18855,16.63605,19.05397,21.44887,23.82719,26.19523,28.55909,30.92462,33.29740,35.68265,38.08518,40.50930,42.95875,45.43655,47.94494,50.48521,53.05757,55.66103,58.29320,60.95021,63.62653,66.31489,69.00621,73.36014,73.36014,73.98053,74.32459,74.57373,74.77675,74.81983,74.79029,74.92983,74.51194,73.47573,74.27567,73.77139,67.25992,71.78943,82.06476,43.88832,43.88832,0.00000
-63.41648,-63.41648,-67.00062,-69.31498,-71.12226,-72.60281,-73.77883,-74.66317,-75.29887,-75.65914,-75.78429,-75.92558,-75.78195,-75.01173,-75.30386,-75.89687,-71.59641,-71.59641,-63.15311,-58.96989,-54.83305,-50.75558,-46.74842,-42.82047,-38.97874,-35.22842,-31.57303,-28.01460,-24.55379,-21.19005,-17.92181,-14.74656,-11.66102,-8.66128,-5.74287,-2.90088,-0.13006,2.57513,5.22041,7.81168,10.35490,12.85608,15.32126,17.75639,20.16740,22.56008,24.94006,27.31280,29.68349,32.05705,34.43805,36.83063,39.23846,41.66463,44.11155,46.58088,49.07341,51.58894,54.12614,56.68250,59.25417,61.83592,64.42104,67.00142,71.20160,71.20160,71.80217,72.13165,72.36498,72.54837,72.57224,72.52394,72.63643,72.20597,71.18545,71.94944,71.43949,65.12608,69.53781,79.49960,42.51224,42.51224,0.00000
-63.23845,-63.23845,-66.76592,-69.03334,-70.79931,-72.24451,-73.39278,-74.25792,-74.88181,-75.23702,-75.36432,-75.51181,-75.38808,-74.65677,-74.94873,-75.53259,-71.39635,-71.39635,-63.28091,-59.25035,-55.25682,-51.31234,-47.42719,-43.60991,-39.86737,-36.20485,-32.62615,-29.13370,-25.72869,-22.41120,-19.18032,-16.03428,-12.97055,-9.98597,-7.07686,-4.23905,-1.46804,1.24097,3.89300,6.49325,9.04700,11.55963,14.03649,16.48294,18.90428,21.30566,23.69214,26.06854,28.43948,30.80926,33.18186,35.56084,37.94929,40.34975,42.76413,45.19363,47.63863,50.09862,52.57210,55.05648,57.54806,60.04192,62.53192,65.01072,69.06824,69.06824,69.65031,69.96671,70.18636,70.35307,70.36129,70.29812,70.38792,69.94898,68.94665,69.67776,69.16476,63.04550,67.34135,76.99706,41.16972,41.16972,0.00000
-63.08842,-63.08842,-66.56265,-68.78617,-70.51376,-71.92642,-73.04922,-73.89635,-74.50886,-74.85943,-74.98731,-75.13682,-75.02733,-74.32828,-74.61832,-75.19353,-71.20548,-71.20548,-63.38545,-59.49379,-55.63154,-51.80978,-48.03810,-44.32462,-40.67598,-37.09747,-33.59302,-30.16536,-26.81607,-23.54574,-20.35399,-17.23968,-14.20092,-11.23521,-8.33954,-5.51042,-2.74402,-0.03621,2.61738,5.22131,7.78024,10.29892,12.78213,15.23461,17.66109,20.06616,22.45429,24.82976,27.19662,29.55865,31.91928,34.28157,36.64810,39.02094,41.40160,43.79087,46.18885,48.59481,51.00714,53.42327,55.83967,58.25178,60.65401,63.03982,66.96437,66.96437,67.52898,67.83343,68.04108,68.19349,68.18900,68.11419,68.18496,67.74097,66.75889,67.45984,66.94615,61.01716,65.19901,74.55588,39.85993,39.85993,0.00000
-62.96490,-62.96490,-66.38914,-68.57141,-70.26316,-71.64565,-72.74485,-73.57502,-74.17647,-74.52216,-74.64930,-74.79833,-74.69913,-74.02704,-74.31397,-74.88106,-71.02682,-71.02682,-63.47312,-59.70783,-55.96578,-52.25714,-48.59082,-44.97447,-41.41448,-37.91602,-34.48311,-31.11864,-27.82452,-24.60168,-21.45024,-18.36954,-15.35824,-12.41443,-9.53566,-6.71907,-3.96142,-1.25918,1.39142,3.99436,6.55373,9.07369,11.55848,14.01229,16.43930,18.84359,21.22909,23.59957,25.95860,28.30944,30.65506,32.99805,35.34058,37.68433,40.03043,42.37940,44.73110,47.08464,49.43836,51.78979,54.13558,56.47151,58.79251,61.09268,64.89304,64.89304,65.44105,65.73453,65.93165,66.07183,66.05708,65.97328,66.02812,65.58199,64.62179,65.29499,64.78266,59.04004,63.10975,72.17490,38.58238,38.58238,0.00000
-62.86624,-62.86624,-66.24345,-68.38692,-70.04514,-71.39949,-72.47662,-73.29068,-73.88119,-74.22148,-74.34683,-74.49392,-74.40227,-73.75296,-74.03604,-74.59558,-70.86227,-70.86227,-63.54892,-59.89862,-56.26661,-52.66218,-49.09357,-45.56796,-42.09144,-38.66904,-35.30475,-32.00159,-28.76167,-25.58624,-22.47576,-19.43000,-16.44808,-13.52859,-10.66961,-7.86878,-5.12342,-2.43053,0.21313,2.81099,5.36661,7.88364,10.36579,12.81677,15.24024,17.63979,20.01890,22.38085,24.72875,27.06544,29.39345,31.71499,34.03185,36.34537,38.65640,40.96521,43.27149,45.57427,47.87189,50.16195,52.44133,54.70617,56.95185,59.17312,62.85681,62.85681,63.38893,63.67231,63.86026,63.98997,63.96699,63.87640,63.91788,63.47204,62.53500,63.18257,62.67342,57.11323,61.07266,69.85308,37.33645,37.33645,0.00000
-62.79080,-62.79080,-66.12374,-68.23073,-69.85746,-71.18541,-72.24168,-73.04021,-73.61982,-73.95419,-74.07696,-74.22125,-74.13520,-73.50539,-73.78424,-74.33680,-70.71290,-70.71290,-63.61673,-60.07115,-56.53987,-53.03139,-49.55333,-46.11237,-42.71430,-39.36395,-36.06526,-32.82131,-29.63435,-26.50584,-23.43656,-20.42660,-17.47551,-14.58226,-11.74539,-8.96303,-6.23295,-3.55265,-0.91936,1.66985,4.21806,6.72846,9.20428,11.64875,14.06509,16.45645,18.82585,21.17618,23.51011,25.83011,28.13832,30.43661,32.72645,35.00890,37.28457,39.55354,41.81539,44.06907,46.31296,48.54479,50.76164,52.95997,55.13560,57.28379,60.85800,60.85800,61.37515,61.64927,61.82902,61.94956,61.91996,61.82436,61.85468,61.41115,60.49824,61.12201,60.61761,55.23587,59.08687,67.58949,36.12176,36.12176,0.00000
-62.73706,-62.73706,-66.02834,-68.10094,-69.69801,-71.00098,-72.03728,-72.82072,-73.38943,-73.71750,-73.83715,-73.97813,-73.89629,-73.28335,-73.55783,-74.10397,-70.57916,-70.57916,-63.67954,-60.22936,-56.79033,-53.37020,-49.97597,-46.61390,-43.28943,-40.00719,-36.77104,-33.58405,-30.44857,-27.36622,-24.33803,-21.36436,-18.44509,-15.57955,-12.76668,-10.00500,-7.29272,-4.62775,-2.00778,0.56970,3.10734,5.60787,8.07410,10.50886,12.91493,15.29506,17.65188,19.98790,22.30542,24.60654,26.89312,29.16668,31.42844,33.67922,35.91942,38.14901,40.36744,42.57366,44.76610,46.94260,49.10047,51.23646,53.34680,55.42724,58.89848,58.89848,59.40161,59.66721,59.83942,59.95185,59.91696,59.81781,59.83881,59.39930,58.51119,59.11280,58.61449,53.40719,57.15162,65.38329,34.93783,34.93783,0.00000
-62.70359,-62.70359,-65.95562,-67.99573,-69.56469,-70.84379,-71.86085,-72.62955,-73.18742,-73.50893,-73.62511,-73.76253,-73.68387,-73.08565,-73.35579,-73.89602,-70.46107,-70.46107,-63.73962,-60.37643,-57.02190,-53.68309,-50.36647,-47.07784,-43.82233,-40.60436,-37.42766,-34.29529,-31.20964,-28.17247,-25.18496,-22.24774,-19.36093,-16.52419,-13.73678,-10.99758,-8.30518,-5.65786,-3.05370,-0.49060,2.03371,4.52157,6.97540,9.39764,11.79071,14.15697,16.49872,18.81811,21.11711,23.39753,25.66092,27.90855,30.14141,32.36011,34.56490,36.75562,38.93169,41.09205,43.23517,45.35904,47.46117,49.53860,51.58790,53.60524,56.97954,56.97954,57.46946,57.72714,57.89248,57.99774,57.95870,57.85724,57.87049,57.43640,56.57357,57.15444,56.66336,51.62646,55.26617,63.23371,33.78433,33.78433,0.00000
-62.68894,-62.68894,-65.90397,-67.91330,-69.45540,-70.71158,-71.71001,-72.46432,-73.01153,-73.32636,-73.43886,-73.57258,-73.49631,-72.91104,-73.17694,-73.71176,-70.35839,-70.35839,-63.79864,-60.51484,-57.23774,-53.97380,-50.72898,-47.50867,-44.31769,-41.16025,-38.03996,-34.95982,-31.92223,-28.92906,-25.98161,-23.08071,-20.22669,-17.41950,-14.65866,-11.94338,-9.27255,-6.64481,-4.05858,-1.51211,0.99652,3.46930,5.90829,8.31559,10.69328,13.04340,15.36792,17.66869,19.94739,22.20555,24.44447,26.66521,28.86853,31.05489,33.22443,35.37690,37.51165,39.62766,41.72348,43.79722,45.84658,47.86886,49.86096,51.81944,55.10219,55.10219,55.57956,55.82985,55.98895,56.08790,56.04570,55.94297,55.94983,55.52232,54.68504,55.24642,54.76355,49.89299,53.42985,61.14001,32.66086,32.66086,0.00000
-62.69169,-62.69169,-65.87179,-67.85177,-69.36816,-70.60228,-71.58268,-72.32304,-72.85978,-73.16790,-73.27657,-73.40652,-73.33204,-72.75820,-73.02006,-73.54989,-70.27067,-70.27067,-63.85787,-60.64656,-57.44043,-54.24540,-51.06697,-47.91017,-44.77951,-41.67901,-38.61212,-35.58179,-32.59042,-29.63993,-26.73173,-23.86679,-21.04565,-18.26845,-15.53499,-12.84472,-10.19683,-7.59025,-5.02371,-2.49577,-0.00482,2.45080,4.87286,7.26314,9.62342,11.95544,14.26088,16.54132,18.79820,21.03280,23.24620,25.43927,27.61259,29.76651,31.90104,34.01587,36.11035,38.18348,40.23386,42.25977,44.25906,46.22929,48.16764,50.07099,53.26713,53.26713,53.73257,53.97596,54.12939,54.22279,54.17829,54.07517,54.07680,53.65685,52.84524,53.38825,52.91442,48.20610,51.64201,59.10149,31.56707,31.56707,0.00000
-62.71046,-62.71046,-65.85747,-67.80946,-69.30119,-70.51406,-71.47712,-72.20395,-72.73044,-73.03183,-73.13655,-73.26272,-73.18952,-72.62584,-72.88386,-73.40914,-70.19733,-70.19733,-63.91820,-60.77310,-57.63202,-54.50041,-51.38335,-48.28552,-45.21119,-42.16414,-39.14772,-36.16479,-33.21774,-30.30850,-27.43859,-24.60908,-21.82067,-19.07368,-16.36812,-13.70369,-11.07980,-8.49566,-5.95026,-3.44243,-0.97085,1.46587,3.86922,6.24069,8.58180,10.89404,13.17884,15.43751,17.67129,19.88125,22.06828,24.23306,26.37607,28.49752,30.59734,32.67519,34.73041,36.76203,38.76874,40.74891,42.70062,44.62160,46.50931,48.36095,51.47490,51.47490,51.92895,52.16588,52.31417,52.40270,52.35664,52.25389,52.25131,51.83972,51.05376,51.57939,51.11528,46.56514,49.90200,57.11742,30.50260,30.50260,0.00000
-62.74394,-62.74394,-65.85960,-67.78485,-69.25291,-70.44542,-71.39176,-72.10547,-72.62191,-72.91657,-73.01725,-73.13964,-73.06736,-72.51272,-72.76713,-73.28824,-70.13775,-70.13775,-63.98023,-60.89561,-57.81415,-54.74087,-51.68049,-48.63738,-45.61557,-42.61866,-39.64985,-36.71192,-33.80724,-30.93776,-28.10504,-25.31027,-22.55426,-19.83749,-17.16014,-14.52211,-11.92303,-9.36234,-6.83924,-4.35283,-1.90203,0.51432,2.89744,5.24860,7.56906,9.86010,12.12290,14.35860,16.56821,18.75263,20.91258,23.04863,25.16111,27.25014,29.31561,31.35714,33.37407,35.36548,37.33013,39.26654,41.17290,43.04718,44.88706,46.69000,49.72584,49.72584,50.16902,50.39989,50.54350,50.62777,50.58080,50.47906,50.47314,50.07057,49.31016,49.81929,49.36547,44.96943,48.20915,55.18709,29.46708,29.46708,0.00000
-62.79101,-62.79101,-65.87690,-67.77659,-69.22202,-70.39497,-71.32518,-72.02613,-72.53271,-72.82064,-72.91722,-73.03589,-72.96421,-72.41764,-72.66867,-73.18598,-70.09124,-70.09124,-64.04437,-61.01497,-57.98810,-54.96843,-51.96035,-48.96796,-45.99506,-43.04508,-40.12109,-37.22580,-34.36154,-31.53026,-28.73356,-25.97270,-23.24861,-20.56188,-17.91285,-15.30158,-12.72789,-10.19141,-7.69156,-5.22762,-2.79875,-0.40401,1.95762,4.28719,6.58576,8.85438,11.09407,13.30576,15.49032,17.64846,19.78080,21.88775,23.96958,26.02633,28.05783,30.06369,32.04326,33.99567,35.91978,37.81419,39.67727,41.50715,43.30174,45.05874,48.02015,48.02015,48.45292,48.67809,48.81745,48.89800,48.85069,48.75050,48.74201,48.34900,47.61391,48.10735,47.66429,43.41830,46.56281,53.30973,28.46009,28.46009,0.00000
-62.85068,-62.85068,-65.90828,-67.78356,-69.20729,-70.36144,-71.27606,-71.96456,-72.46143,-72.74270,-72.83515,-72.95017,-72.87886,-72.33946,-72.58733,-73.10120,-70.05712,-70.05712,-64.11082,-61.13178,-58.15487,-55.18440,-52.22451,-49.27906,-46.35163,-43.44551,-40.56364,-37.70866,-34.88285,-32.08817,-29.32625,-26.59838,-23.90559,-21.24857,-18.62780,-16.04347,-13.49555,-10.98385,-8.50796,-6.06735,-3.66135,-1.28923,1.04986,3.35677,5.63239,7.87759,10.09322,12.28007,14.43883,16.57011,18.67439,20.75201,22.80313,24.82775,26.82568,28.79651,30.73962,32.65417,34.53912,36.39317,38.21484,40.00242,41.75400,43.46753,46.35787,46.35787,46.78067,47.00048,47.13595,47.21326,47.16610,47.06794,47.05754,46.67451,45.96446,46.44294,46.01100,41.91104,44.96229,51.48457,27.48125,27.48125,0.00000
-62.92204,-62.92204,-65.95274,-67.80467,-69.20759,-70.34364,-71.24312,-71.91946,-72.40684,-72.68152,-72.76988,-72.88134,-72.81016,-72.27713,-72.52204,-73.03281,-70.03467,-70.03467,-64.17965,-61.24648,-58.31518,-55.38981,-52.47424,-49.57214,-46.68691,-43.82168,-40.97931,-38.16235,-35.37305,-32.61334,-29.88487,-27.18900,-24.52678,-21.89904,-19.30631,-16.74893,-14.22701,-11.74048,-9.28908,-6.87246,-4.49010,-2.14141,0.17427,2.45764,4.70944,6.93038,9.12116,11.28245,13.41482,15.51876,17.59465,19.64275,21.66318,23.65588,25.62063,27.55704,29.46452,31.34228,33.18935,35.00454,36.78650,38.53367,40.24433,41.91662,44.73896,44.73896,45.15218,45.36691,45.49883,45.57333,45.52674,45.43099,45.41926,45.04655,44.36120,44.82537,44.40485,40.44694,43.40688,49.71080,26.53010,26.53010,0.00000
-63.00426,-63.00426,-66.00936,-67.83894,-69.22185,-70.34039,-71.22519,-71.88969,-72.36780,-72.63604,-72.72033,-72.82829,-72.75706,-72.22962,-72.47177,-72.97981,-70.02324,-70.02324,-64.25083,-61.35932,-58.46957,-55.58541,-52.71051,-49.84835,-47.00217,-44.17500,-41.36958,-38.58839,-35.83364,-33.10727,-30.41091,-27.74595,-25.11352,-22.51448,-19.94949,-17.41895,-14.92309,-12.46196,-10.03545,-7.64331,-5.28517,-2.96058,-0.66902,1.59009,3.81733,6.01331,8.17860,10.31375,12.41923,14.49544,16.54269,18.56117,20.55095,22.51194,24.44393,26.34651,28.21914,30.06109,31.87145,33.64914,35.39293,37.10142,38.77303,40.40609,43.16322,43.16322,43.56722,43.77715,43.90583,43.97789,43.93223,43.83921,43.82666,43.46451,42.80347,43.25393,42.84505,39.02526,41.89583,47.98757,25.60620,25.60620,0.00000
-63.09657,-63.09657,-66.07726,-67.88541,-69.24904,-70.35068,-71.22122,-71.87419,-72.34331,-72.60525,-72.68549,-72.79002,-72.71853,-72.19596,-72.43555,-72.94118,-70.02209,-70.02209,-64.32421,-61.47040,-58.61837,-55.77175,-52.93405,-50.10857,-47.29844,-44.50657,-41.73561,-38.98799,-36.26588,-33.57118,-30.90555,-28.27039,-25.66686,-23.09590,-20.55820,-18.05428,-15.58444,-13.14883,-10.74745,-8.38015,-6.04669,-3.74673,-1.47985,0.75439,2.95649,5.12693,7.26619,9.37472,11.45291,13.50109,15.51950,17.50829,19.46750,21.39701,23.29661,25.16593,27.00444,28.81148,30.58621,32.32765,34.03468,35.70603,37.34029,38.93594,41.63040,41.63040,42.02551,42.23087,42.35656,42.42652,42.38210,42.29208,42.27913,41.92773,41.29056,41.72787,41.33079,37.64521,40.42838,46.31399,24.70907,24.70907,0.00000
-63.19819,-63.19819,-66.15563,-67.94319,-69.28823,-70.37351,-71.23024,-71.87205,-72.33243,-72.58821,-72.66442,-72.76555,-72.69361,-72.17523,-72.41245,-72.91608,-70.03063,-70.03063,-64.39955,-61.57970,-58.76176,-55.94919,-53.14536,-50.35345,-47.57647,-44.81722,-42.07831,-39.36209,-36.67070,-34.00602,-31.36972,-28.76319,-26.18765,-23.64404,-21.13315,-18.65553,-16.21156,-13.80149,-11.42537,-9.08317,-6.77472,-4.49979,-2.25806,-0.04916,2.12730,4.27172,6.38450,8.46601,10.51659,12.53650,14.52593,16.48501,18.41373,20.31199,22.17959,24.01616,25.82122,27.59417,29.33425,31.04057,32.71211,34.34773,35.94616,37.50604,40.14012,40.14012,40.52664,40.72765,40.85059,40.91873,40.87581,40.78901,40.77604,40.43549,39.82172,40.24640,39.86121,36.30602,39.00373,44.68915,23.83822,23.83822,0.00000
-63.30847,-63.30847,-66.24367,-68.01144,-69.33855,-70.40801,-71.25138,-71.88238,-72.33430,-72.58406,-72.65621,-72.75397,-72.68142,-72.16657,-72.40160,-72.90359,-70.04807,-70.04807,-64.47657,-61.68710,-58.89976,-56.11790,-53.34475,-50.58340,-47.83675,-45.10755,-42.39832,-39.71137,-37.04881,-34.41250,-31.80410,-29.22503,-26.67649,-24.15949,-21.67483,-19.22312,-16.80481,-14.42018,-12.06938,-9.75243,-7.46925,-5.21966,-3.00343,-0.82027,1.33014,3.44815,5.53408,7.58825,9.61094,11.60237,13.56272,15.49207,17.39041,19.25765,21.09358,22.89788,24.67012,26.40973,28.11605,29.78826,31.42546,33.02661,34.59058,36.11615,38.69196,38.69196,39.07015,39.26700,39.38739,39.45398,39.41277,39.32935,39.31667,38.98705,38.39618,38.80869,38.43543,35.00687,37.62106,43.11210,22.99313,22.99313,0.00000
-63.42668,-63.42668,-66.34067,-68.08938,-69.39918,-70.45337,-71.28383,-71.90436,-72.34808,-72.59193,-72.65999,-72.75439,-72.68106,-72.16912,-72.40219,-72.90298,-70.07395,-70.07395,-64.55490,-61.79237,-59.03229,-56.27791,-53.53236,-50.79864,-48.07960,-45.37791,-42.69604,-40.03627,-37.40067,-34.79109,-32.20916,-29.65633,-27.13380,-24.64260,-22.18355,-19.75732,-17.36437,-15.00505,-12.67954,-10.38792,-8.13017,-5.90618,-3.71574,-1.55864,0.56539,2.65665,4.71541,6.74196,8.73654,10.69934,12.63051,14.53013,16.39819,18.23461,20.03919,21.81167,23.55163,25.25859,26.93194,28.57096,30.17484,31.74266,33.27341,34.76599,37.28541,37.28541,37.65552,37.84837,37.96639,38.03163,37.99231,37.91240,37.90028,37.58160,37.01312,37.41389,37.05257,33.74693,36.27954,41.58186,22.17329,22.17329,0.00000
-63.55231,-63.55231,-66.44591,-68.17628,-69.46937,-70.50882,-71.32682,-71.93722,-72.37296,-72.61100,-72.67494,-72.76601,-72.69177,-72.18215,-72.41343,-72.91338,-70.10736,-70.10736,-64.63412,-61.89520,-59.15913,-56.42908,-53.70813,-50.99921,-48.30511,-45.62845,-42.97167,-40.33701,-37.72651,-35.14201,-32.58514,-30.05732,-27.55978,-25.09355,-22.65948,-20.25823,-17.89031,-15.55610,-13.25581,-10.98956,-8.75736,-6.55912,-4.39472,-2.26395,-0.16659,1.89763,3.92896,5.92765,7.89391,9.82793,11.72985,13.59974,15.43762,17.24340,19.01692,20.75796,22.46615,24.14106,25.78216,27.38881,28.96029,30.49579,31.99441,33.45516,35.91989,35.91989,36.28214,36.47115,36.58694,36.65102,36.61373,36.53743,36.52609,36.21832,35.67169,36.06113,35.71170,32.52535,34.97828,40.09745,21.37815,21.37815,0.00000
-63.68457,-63.68457,-66.55877,-68.27144,-69.54843,-70.57367,-71.37963,-71.98019,-72.40816,-72.64046,-72.70025,-72.78801,-72.71274,-72.20483,-72.43456,-72.93425,-70.14806,-70.14806,-64.71375,-61.99518,-59.27994,-56.57116,-53.87187,-51.18496,-48.51317,-45.85911,-43.22517,-40.61358,-38.02635,-35.46531,-32.93206,-30.42804,-27.95446,-25.51236,-23.10258,-20.72581,-18.38256,-16.07323,-13.79804,-11.55715,-9.35057,-7.17825,-5.04007,-2.93587,-0.86542,1.17151,3.17516,5.14575,7.08351,8.98862,10.86121,12.70137,14.50913,16.28443,18.02715,19.73709,21.41394,23.05734,24.66682,26.24183,27.78173,29.28580,30.75325,32.18324,34.59480,34.59480,34.94938,35.13466,35.24836,35.31143,35.27628,35.20364,35.19327,34.89634,34.37101,34.74950,34.41189,31.34126,33.71642,38.65785,20.60716,20.60716,0.00000
-63.82321,-63.82321,-66.67859,-68.37426,-69.63572,-70.64726,-71.44154,-72.03253,-72.45292,-72.67959,-72.73518,-72.81968,-72.74329,-72.23654,-72.46489,-72.96464,-70.19486,-70.19486,-64.79326,-62.09183,-59.39430,-56.70376,-54.02323,-51.35557,-48.70353,-46.06965,-43.45634,-40.86579,-38.30001,-35.76080,-33.24977,-30.76833,-28.31767,-25.89884,-23.51268,-21.15986,-18.84091,-16.55621,-14.30600,-12.09042,-9.90952,-7.76323,-5.65146,-3.57403,-1.53073,0.47867,2.45439,4.39669,6.30577,8.18182,10.02500,11.83541,13.61310,15.35804,17.07016,18.74929,20.39519,22.00754,23.58596,25.12995,26.63898,28.11242,29.54958,30.94970,33.30946,33.30946,33.65654,33.83820,33.94992,34.01211,33.97917,33.91023,33.90098,33.61479,33.11020,33.47808,33.15218,30.19379,32.49305,37.26200,19.85976,19.85976,0.00000
-63.96727,-63.96727,-66.80488,-68.48415,-69.73066,-70.72893,-71.51189,-72.09353,-72.50651,-72.72759,-72.77897,-72.86027,-72.78265,-72.27645,-72.50372,-73.00428,-70.24792,-70.24792,-64.87208,-62.18460,-59.50166,-56.82637,-54.16172,-51.51059,-48.87571,-46.25964,-43.66475,-41.09324,-38.54711,-36.02813,-33.53790,-31.07781,-28.64906,-26.25266,-23.88943,-21.56005,-19.26501,-17.00469,-14.77932,-12.58903,-10.43385,-8.31371,-6.22851,-4.17805,-2.16213,-0.18051,1.76706,3.68084,5.56104,7.40789,9.22156,11.00217,12.74981,14.46448,16.14616,17.79472,19.40998,20.99168,22.53951,24.05304,25.53183,26.97532,28.38293,29.75400,32.06317,32.06317,32.40290,32.58103,32.69084,32.75227,32.72159,32.65635,32.64833,32.37275,31.88835,32.24593,31.93160,29.08204,31.30726,35.90887,19.13539,19.13539,0.00000
-64.11691,-64.11691,-66.93709,-68.60063,-69.83268,-70.81808,-71.58996,-72.16246,-72.56819,-72.78382,-72.83097,-72.90912,-72.83025,-72.32410,-72.55043,-73.05207,-70.30556,-70.30556,-64.94955,-62.27284,-59.60139,-56.93832,-54.28668,-51.64935,-49.02908,-46.42843,-43.84979,-41.29533,-38.76704,-36.26670,-33.79589,-31.35597,-28.94811,-26.57331,-24.23235,-21.92589,-19.65440,-17.41822,-15.21757,-13.05254,-10.92313,-8.82927,-6.77081,-4.74755,-2.75925,-0.80565,1.11353,2.99855,4.84968,6.66715,8.45117,10.20190,11.91947,13.60392,15.25527,16.87344,18.45832,20.00971,21.52734,23.01089,24.45996,25.87410,27.25282,28.59553,30.85518,30.85518,31.18768,31.36236,31.47034,31.53108,31.50269,31.44114,31.43444,31.16931,30.70451,31.05211,30.74919,28.00513,30.15813,34.59740,18.43347,18.43347,0.00000
-64.27093,-64.27093,-67.07491,-68.72323,-69.94124,-70.91406,-71.67512,-72.23863,-72.63731,-72.84752,-72.89044,-72.96559,-72.88535,-72.37858,-72.60436,-73.10811,-70.36859,-70.36859,-65.02501,-62.35584,-59.69272,-57.03886,-54.39733,-51.77107,-49.16284,-46.57523,-44.01063,-41.47124,-38.95903,-36.47576,-34.02299,-31.60206,-29.21411,-26.86010,-24.54078,-22.25677,-20.00848,-17.79624,-15.62020,-13.48042,-11.37687,-9.30943,-7.27791,-5.28208,-3.32166,-1.39636,0.49414,2.35015,4.17196,5.95985,7.71406,9.43480,11.12224,12.77647,14.39754,15.98546,17.54015,19.06148,20.54925,22.00320,23.42302,24.80832,26.15869,27.47366,29.68471,29.68471,30.01011,30.18139,30.28758,30.34770,30.32160,30.26370,30.25838,30.00352,29.55777,29.89565,29.60395,26.96214,29.04473,33.32652,17.75343,17.75343,0.00000
-64.43005,-64.43005,-67.21784,-68.85148,-70.05576,-71.01624,-71.76662,-72.32141,-72.71320,-72.91817,-72.95685,-73.02904,-72.94752,-72.43967,-72.66501,-73.17096,-70.43447,-70.43447,-65.09768,-62.43277,-59.77480,-57.12707,-54.49273,-51.87475,-49.27598,-46.69901,-44.14628,-41.61998,-39.12207,-36.65432,-34.21825,-31.81517,-29.44619,-27.11220,-24.81392,-22.55191,-20.32653,-18.13805,-15.98656,-13.87208,-11.79451,-9.75367,-7.74933,-5.78121,-3.84897,-1.95227,-0.09075,1.73595,3.52817,5.28623,7.01042,8.70101,10.35821,11.98216,13.57298,15.13071,16.65535,18.14682,19.60498,21.02965,22.42058,23.77747,25.09997,26.38770,28.55096,28.55096,28.86934,29.03727,29.14172,29.20126,29.17743,29.12312,29.11922,28.87444,28.44716,28.77560,28.49491,25.95218,27.96612,32.09514,17.09469,17.09469,0.00000
-64.59253,-64.59253,-67.36559,-68.98482,-70.17562,-71.12391,-71.86397,-72.41020,-72.79532,-72.99504,-73.02945,-73.09891,-73.01598,-72.50629,-72.73171,-73.24135,-70.50519,-70.50519,-65.16682,-62.50275,-59.84666,-57.20190,-54.57174,-51.95925,-49.36730,-46.79857,-44.25550,-41.74031,-39.25497,-36.80121,-34.38053,-31.99419,-29.64326,-27.32858,-25.05080,-22.81041,-20.60770,-18.44286,-16.31593,-14.22683,-12.17541,-10.16141,-8.18455,-6.24445,-4.34074,-2.47300,-0.64082,1.15622,2.91852,4.64646,6.34039,8.00062,9.62741,11.22098,12.78149,14.30906,15.80371,17.26545,18.69420,20.08984,21.45219,22.78101,24.07603,25.33694,27.45310,27.45310,27.76455,27.92915,28.03188,28.09087,28.06929,28.01850,28.01604,27.78112,27.37175,27.69097,27.42107,24.97434,26.92138,30.90221,16.45666,16.45666,0.00000
-64.75984,-64.75984,-67.51750,-69.12269,-70.30013,-71.23667,-71.96662,-72.50460,-72.88318,-73.07775,-73.10785,-73.17464,-73.09052,-72.57861,-72.80417,-73.31727,-70.57664,-70.57664,-65.23144,-62.56477,-59.90716,-57.26215,-54.63310,-52.02319,-49.43541,-46.87247,-44.33686,-41.83081,-39.35629,-36.91502,-34.50845,-32.13781,-29.80409,-27.50807,-25.25031,-23.03121,-20.85101,-18.70977,-16.60746,-14.54391,-12.51888,-10.53203,-8.58299,-6.67131,-4.79654,-2.95818,-1.15575,0.61123,2.34324,4.04071,5.70406,7.33366,8.92983,10.49286,12.02296,13.52030,14.98499,16.41707,17.81653,19.18332,20.51732,21.81835,23.08620,24.32064,26.39029,26.39029,26.69487,26.85617,26.95719,27.01563,26.99625,26.94889,26.94787,26.72259,26.33055,26.64080,26.38145,24.02772,25.90955,29.74663,15.83876,15.83876,0.00000
-64.92905,-64.92905,-67.67321,-69.26441,-70.42906,-71.35414,-72.07446,-72.60429,-72.97630,-73.16553,-73.19130,-73.25579,-73.17034,-72.65527,-72.88166,-73.40037,-70.65286,-70.65286,-65.29073,-62.61775,-59.95508,-57.30643,-54.67530,-52.06503,-49.47867,-46.91903,-44.38865,-41.88977,-39.42437,-36.99412,-34.60045,-32.24452,-29.92723,-27.64929,-25.41116,-23.21313,-21.05534,-18.93776,-16.86022,-14.82248,-12.82416,-10.86486,-8.94407,-7.06127,-5.21592,-3.40743,-1.63524,0.10122,1.80249,3.46908,5.10148,6.70012,8.26540,9.79766,11.29719,12.76420,14.19887,15.60130,16.97154,18.30960,19.61540,20.88885,22.12979,23.33804,25.36167,25.36167,25.65943,25.81743,25.91674,25.97464,25.95740,25.91337,25.91376,25.69788,25.32263,25.62410,25.37506,23.11140,24.92971,28.62734,15.24043,15.24043,0.00000
-65.10306,-65.10306,-67.83208,-69.41018,-70.56232,-71.47661,-72.18737,-72.70892,-73.07420,-73.25812,-73.27952,-73.34187,-73.25555,-72.73702,-72.96418,-73.48770,-70.72714,-70.72714,-65.34347,-62.66040,-59.98899,-57.33317,-54.69667,-52.08295,-49.49521,-46.93635,-44.40894,-41.91527,-39.45728,-37.03665,-34.65472,-32.31258,-30.01104,-27.75069,-25.53190,-23.35483,-21.21948,-19.12570,-17.07320,-15.06161,-13.09045,-11.15916,-9.26716,-7.41380,-5.59843,-3.82038,-2.07899,-0.37361,1.29640,2.93163,4.53264,6.09994,7.63399,9.13520,10.60392,12.04044,13.44498,14.81771,16.15874,17.46812,18.74585,19.99186,21.20607,22.38835,24.36636,24.36636,24.65734,24.81204,24.90962,24.96696,24.95179,24.91098,24.91277,24.70603,24.34702,24.63991,24.40092,22.22450,23.98091,27.54327,14.66107,14.66107,0.00000
-65.27824,-65.27824,-67.99528,-69.56023,-70.70070,-71.60418,-72.30517,-72.81804,-73.17630,-73.35464,-73.37188,-73.43273,-73.34533,-72.82207,-73.05087,-73.58234,-70.80676,-70.80676,-65.38877,-62.69141,-60.00730,-57.34060,-54.69525,-52.07490,-49.48288,-46.92220,-44.39550,-41.90507,-39.45286,-37.04048,-34.66920,-32.34003,-30.05366,-27.81055,-25.61092,-23.45480,-21.34204,-19.27235,-17.24529,-15.26033,-13.31686,-11.41419,-9.55161,-7.72834,-5.94363,-4.19669,-2.48675,-0.81306,0.82510,2.42841,3.99752,5.53301,7.03542,8.50523,9.94286,11.34865,12.72290,14.06583,15.37759,16.65830,17.90800,19.12668,20.31429,21.47075,23.40348,23.40348,23.68769,23.83909,23.93493,23.99168,23.97849,23.94079,23.94392,23.74608,23.40276,23.68725,23.45804,21.36611,23.06223,26.49335,14.10013,14.10013,0.00000
-65.46080,-65.46080,-68.16270,-69.71558,-70.84405,-71.73651,-72.42720,-72.93092,-73.28201,-73.45524,-73.46851,-73.52811,-73.44026,-72.91203,-73.14221,-73.67987,-70.88099,-70.88099,-65.42507,-62.70917,-60.00821,-57.32669,-54.66884,-52.03851,-49.43923,-46.87408,-44.34579,-41.85666,-39.40861,-37.00319,-34.64159,-32.32468,-30.05302,-27.82692,-25.64643,-23.51142,-21.42155,-19.37637,-17.37527,-15.41756,-13.50246,-11.62914,-9.79673,-8.00434,-6.25106,-4.53599,-2.85825,-1.21698,0.38864,1.95939,3.49600,4.99915,6.46945,7.90745,9.31363,10.68841,12.03214,13.34510,14.62750,15.87949,17.10116,18.29255,19.45365,20.58442,22.47212,22.47212,22.74960,22.89766,22.99173,23.04786,23.03656,23.00184,23.00626,22.81705,22.48889,22.76516,22.54546,20.53534,22.17273,25.47652,13.55701,13.55701,0.00000
-65.64310,-65.64310,-68.33484,-69.87500,-70.99182,-71.87289,-72.55282,-73.04709,-73.39137,-73.55951,-73.56924,-73.62839,-73.53949,-73.00432,-73.23694,-73.78540,-70.96206,-70.96206,-65.45135,-62.71202,-59.98966,-57.28912,-54.61489,-51.97110,-49.36143,-46.78911,-44.25692,-41.76717,-39.32174,-36.92209,-34.56930,-32.26408,-30.00683,-27.79767,-25.63647,-23.52288,-21.45639,-19.43631,-17.46187,-15.53218,-13.64628,-11.80318,-10.00185,-8.24123,-6.52028,-4.83796,-3.19328,-1.58525,-0.01295,1.52451,3.02795,4.49814,5.93577,7.34147,8.71579,10.05922,11.37215,12.65493,13.90781,15.13099,16.32460,17.48871,18.62335,19.72850,21.57140,21.57140,21.84213,21.98685,22.07910,22.13458,22.12506,22.09319,22.09883,21.91799,21.60446,21.87267,21.66220,19.73132,21.31150,24.49173,13.03117,13.03117,0.00000
-65.83327,-65.83327,-68.51020,-70.03946,-71.14429,-72.01354,-72.68226,-73.16733,-73.50489,-73.66868,-73.67494,-73.73337,-73.64404,-73.10174,-73.33629,-73.89238,-71.03322,-71.03322,-65.46558,-62.69788,-59.94931,-57.22523,-54.53051,-51.86956,-49.24628,-46.66401,-44.12560,-41.63336,-39.18909,-36.79414,-34.44943,-32.15551,-29.91256,-27.72048,-25.57890,-23.48726,-21.44480,-19.45062,-17.50372,-15.60300,-13.74731,-11.93546,-10.16625,-8.43844,-6.75086,-5.10231,-3.49166,-1.91781,-0.37970,1.12364,2.59316,4.02969,5.43403,6.80687,8.14885,9.46051,10.74232,11.99466,13.21783,14.41207,15.57754,16.71435,17.82254,18.90212,20.70039,20.70039,20.96438,21.10572,21.19612,21.25088,21.24305,21.21388,21.22068,21.04793,20.74852,21.00883,20.80731,18.95316,20.47763,23.53793,12.52205,12.52205,0.00000
-66.02461,-66.02461,-68.69446,-70.21106,-71.30307,-72.15937,-72.81665,-73.29219,-73.62358,-73.78283,-73.78549,-73.84382,-73.75277,-73.20047,-73.43824,-74.00866,-71.11383,-71.11383,-65.46659,-62.66460,-59.88448,-57.13197,-54.41236,-51.73037,-49.09010,-46.49506,-43.94813,-41.45157,-39.00711,-36.61594,-34.27879,-31.99597,-29.76742,-27.59277,-25.47140,-23.40246,-21.38493,-19.41766,-17.49939,-15.62880,-13.80451,-12.02512,-10.28923,-8.59545,-6.94241,-5.32877,-3.75325,-2.21461,-0.71170,0.75661,2.19134,3.59343,4.96377,6.30314,7.61223,8.89166,10.14195,11.36354,12.55677,13.72191,14.85915,15.96860,17.05034,18.10437,19.85816,19.85816,20.11542,20.25335,20.34185,20.39584,20.38958,20.36298,20.37085,20.20593,19.92014,20.17268,19.97983,18.20000,19.67019,22.61410,12.02908,12.02908,0.00000
-66.23560,-66.23560,-68.88765,-70.38970,-71.46613,-72.30922,-72.95522,-73.42241,-73.74800,-73.90308,-73.90185,-73.95916,-73.86709,-73.30484,-73.54508,-74.12473,-71.17866,-71.17866,-65.45164,-62.60947,-59.79204,-57.00583,-54.25660,-51.54944,-48.88871,-46.27802,-43.72028,-41.21769,-38.77185,-36.38373,-34.05383,-31.78216,-29.56838,-27.41179,-25.31147,-23.26625,-21.27480,-19.33569,-17.44738,-15.60829,-13.81680,-12.07127,-10.37011,-8.71172,-7.09455,-5.51711,-3.97795,-2.47571,-1.00908,0.42316,1.82214,3.18893,4.52448,5.82967,7.10527,8.35195,9.57029,10.76078,11.92380,13.05965,14.16853,15.25058,16.30585,17.33437,19.04380,19.04380,19.29434,19.42884,19.51537,19.56852,19.56371,19.53955,19.54840,19.39103,19.11837,19.36329,19.17882,17.47097,18.88831,21.71922,11.55172,11.55172,0.00000
-66.44141,-66.44141,-69.08207,-70.56639,-71.63044,-72.46325,-73.10052,-73.55974,-73.87952,-74.02990,-74.02410,-74.08075,-73.98574,-73.40942,-73.65356,-74.25186,-71.25676,-71.25676,-65.41925,-62.52958,-59.66840,-56.84269,-54.05877,-51.32209,-48.63727,-46.00803,-43.43726,-40.92708,-38.47885,-36.09331,-33.77062,-31.51047,-29.31213,-27.17456,-25.09644,-23.07626,-21.11234,-19.20293,-17.34617,-15.54019,-13.78312,-12.07307,-10.40822,-8.78676,-7.20697,-5.66716,-4.16574,-2.70119,-1.27207,0.12295,1.48515,2.81566,4.11556,5.38580,6.62722,7.84057,9.02649,10.18549,11.31801,12.42436,13.50475,14.55932,15.58812,16.59116,18.25642,18.25642,18.50026,18.63125,18.71575,18.76798,18.76453,18.74265,18.75238,18.60229,18.34230,18.57971,18.40336,16.76523,18.13108,20.85227,11.08943,11.08943,0.00000
-66.64766,-66.64766,-69.26837,-70.74738,-71.80660,-72.63202,-73.25871,-73.70793,-74.02027,-74.16520,-74.15376,-74.20812,-74.11065,-73.52042,-73.76733,-74.37673,-71.31165,-71.31165,-65.36563,-62.42121,-59.50927,-56.63778,-53.81369,-51.04289,-48.33024,-45.67956,-43.09368,-40.57451,-38.12317,-35.74004,-33.42488,-31.17696,-28.99513,-26.87788,-24.82348,-22.83000,-20.89539,-19.01751,-17.19417,-15.42319,-13.70241,-12.02968,-10.40293,-8.82015,-7.27940,-5.77882,-4.31666,-2.89124,-1.50098,-0.14442,1.17983,2.47301,3.73630,4.97073,6.17724,7.35663,8.50959,9.63669,10.73839,11.81501,12.86678,13.89382,14.89616,15.87377,17.49522,17.49522,17.73228,17.85966,17.94203,17.99331,17.99110,17.97134,17.98186,17.83878,17.59100,17.82103,17.65250,16.08193,17.39762,20.01226,10.64167,10.64167,0.00000
-66.84829,-66.84829,-69.47790,-70.95945,-72.01170,-72.81866,-73.42694,-73.86286,-74.16770,-74.30779,-74.29085,-74.34309,-74.24013,-73.63006,-73.88102,-74.51447,-71.38455,-71.38455,-65.28878,-62.28035,-59.30969,-56.38549,-53.51532,-50.70555,-47.96125,-45.28630,-42.68337,-40.15413,-37.69929,-35.31879,-33.01191,-30.77738,-28.61353,-26.51835,-24.48960,-22.52488,-20.62171,-18.77754,-16.98981,-15.25601,-13.57365,-11.94031,-10.35368,-8.81151,-7.31166,-5.85208,-4.43084,-3.04612,-1.69620,-0.37947,0.90556,2.16026,3.38590,4.58360,5.75437,6.89911,8.01855,9.11330,10.18384,11.23052,12.25355,13.25302,14.22892,15.18116,16.75917,16.75917,16.98932,17.11301,17.19329,17.24361,17.24250,17.22469,17.23589,17.09958,16.86357,17.08632,16.92533,15.42023,16.68707,19.19819,10.20791,10.20791,0.00000
-67.11416,-67.11416,-69.73724,-71.20517,-72.22078,-72.99455,-73.58632,-74.01757,-74.32152,-74.46069,-74.43787,-74.48500,-74.37621,-73.74613,-73.99970,-74.64709,-71.42499,-71.42499,-65.18332,-62.10172,-59.06367,-56.07915,-53.15655,-50.30272,-47.52293,-44.82100,-42.19939,-39.65934,-37.20107,-34.82393,-32.52658,-30.30713,-28.16327,-26.09238,-24.09168,-22.15822,-20.28904,-18.48112,-16.73154,-15.03738,-13.39585,-11.80425,-10.25998,-8.76056,-7.30364,-5.88700,-4.50851,-3.16621,-1.85823,-0.58282,0.66161,1.87658,3.06342,4.22338,5.35755,6.46688,7.55219,8.61411,9.65316,10.66968,11.66387,12.63578,13.58535,14.51239,16.04700,16.04700,16.27024,16.39042,16.46874,16.51802,16.51779,16.50175,16.51358,16.38380,16.15909,16.37464,16.22095,14.77933,15.99857,18.40909,9.78763,9.78763,0.00000
-67.40737,-67.40737,-70.01205,-71.41983,-72.38690,-73.14927,-73.75412,-74.19396,-74.49828,-74.63316,-74.59955,-74.63743,-74.51638,-73.85767,-74.11486,-74.79356,-71.48842,-71.48842,-65.04621,-61.87955,-58.76413,-55.71089,-52.72903,-49.82584,-47.00675,-44.27540,-41.63384,-39.08277,-36.62171,-34.24928,-31.96336,-29.76129,-27.64002,-25.59625,-23.62652,-21.72730,-19.89508,-18.12639,-16.41783,-14.76613,-13.16814,-11.62085,-10.12141,-8.66710,-7.25536,-5.88375,-4.55000,-3.25198,-1.98767,-0.75521,0.44715,1.62100,2.76783,3.88896,4.98557,6.05869,7.10920,8.13780,9.14501,10.13117,11.09647,12.04089,12.96429,13.86640,15.35770,15.35770,15.57441,15.69141,15.76768,15.81555,15.81594,15.80162,15.81406,15.69051,15.47662,15.68509,15.53848,14.15841,15.33124,17.64399,9.38033,9.38033,0.00000
-67.69019,-67.69019,-70.22440,-71.58381,-72.55789,-73.36634,-73.99479,-74.42151,-74.70451,-74.82500,-74.77292,-74.79440,-74.65997,-73.97298,-74.23272,-74.93062,-71.50812,-71.50812,-64.86974,-61.60613,-58.40241,-55.27125,-52.22282,-49.26488,-46.40284,-43.64000,-40.97782,-38.41618,-35.95373,-33.58813,-31.31629,-29.13465,-27.03928,-25.02607,-23.09083,-21.22938,-19.43761,-17.71152,-16.04726,-14.44116,-12.88972,-11.38962,-9.93772,-8.53109,-7.16693,-5.84264,-4.55578,-3.30404,-2.08528,-0.89749,0.26118,1.39246,2.49794,3.57904,4.63706,5.67311,6.68813,7.68287,8.65790,9.61354,10.54994,11.46701,12.36452,13.24207,14.69113,14.69113,14.90178,15.01538,15.08889,15.13490,15.13597,15.12352,15.13646,15.01872,14.81523,15.01682,14.87705,13.55663,14.68422,16.90194,8.98554,8.98554,0.00000
-67.89153,-67.89153,-70.41151,-71.80309,-72.85606,-73.69463,-74.27365,-74.63143,-74.88846,-75.00821,-74.94460,-74.95177,-74.80048,-74.07634,-74.34033,-75.08050,-71.55473,-71.55473,-64.64894,-61.27281,-57.96813,-54.74887,-51.62614,-48.60801,-45.69972,-42.90395,-40.22125,-37.65041,-35.18891,-32.83320,-30.57903,-28.42174,-26.35638,-24.37792,-22.48136,-20.66179,-18.91446,-17.23482,-15.61854,-14.06154,-12.55996,-11.11017,-9.70878,-8.35259,-7.03863,-5.76412,-4.52642,-3.32312,-2.15191,-1.01067,0.10260,1.18972,2.25242,3.29222,4.31053,5.30856,6.28733,7.24767,8.19016,9.11515,10.02272,10.91271,11.78471,12.63812,14.04705,14.04705,14.25136,14.36043,14.43045,14.47497,14.47744,14.46688,14.47981,14.36743,14.17411,14.36904,14.23576,12.97311,14.05665,16.18206,8.60279,8.60279,0.00000
-68.13830,-68.13830,-70.68391,-72.15989,-73.22685,-73.96065,-74.40743,-74.73336,-75.04504,-75.20749,-75.13200,-75.11433,-74.94151,-74.17848,-74.44530,-75.21456,-71.54443,-71.54443,-64.37259,-60.86805,-57.44842,-54.12997,-50.92485,-47.84132,-44.88408,-42.05483,-39.35280,-36.77532,-34.31830,-31.97672,-29.74491,-27.61689,-25.58657,-23.64788,-21.79491,-20.02196,-18.32361,-16.69475,-15.13055,-13.62651,-12.17841,-10.78234,-9.43462,-8.13187,-6.87090,-5.64876,-4.46269,-3.31010,-2.18857,-1.09586,-0.02985,1.01142,2.02978,3.02689,4.00428,4.96326,5.90497,6.83031,7.73993,8.63418,9.51309,10.37639,11.22349,12.05353,13.42352,13.42352,13.62031,13.72417,13.79161,13.83627,13.84045,13.83070,13.84274,13.73568,13.55259,13.74088,13.61355,12.40697,13.44777,15.48345,8.23154,8.23154,0.00000
-68.46995,-68.46995,-71.07207,-72.52822,-73.44721,-74.00579,-74.43739,-74.90967,-75.35510,-75.51487,-75.36447,-75.28998,-75.07773,-74.25877,-74.52918,-75.35727,-71.56242,-71.56242,-64.03222,-60.37838,-56.82754,-53.39774,-50.10199,-46.94832,-43.94045,-41.07849,-38.35982,-35.77975,-33.33227,-31.01046,-28.80699,-26.71436,-24.72514,-22.83213,-21.02843,-19.30753,-17.66329,-16.09002,-14.58241,-13.13553,-11.74484,-10.40614,-9.11551,-7.86936,-6.66435,-5.49735,-4.36547,-3.26601,-2.19643,-1.15436,-0.13757,0.85603,1.82838,2.78130,3.71642,4.63522,5.53897,6.42868,7.30508,8.16854,9.01907,9.85627,10.67931,11.48705,12.81817,12.81817,13.00712,13.10723,13.17449,13.21974,13.22358,13.21249,13.22373,13.12301,12.95011,13.13116,13.00925,11.85752,12.85693,14.80509,7.87112,7.87112,0.00000
-68.90379,-68.90379,-71.44988,-72.76119,-73.51185,-74.08912,-74.76000,-75.44932,-75.85996,-75.82462,-75.52510,-75.41038,-75.17707,-74.31437,-74.59693,-75.47529,-71.50909,-71.50909,-63.61088,-59.78573,-56.08562,-52.53148,-49.13703,-45.90953,-42.85090,-39.95888,-37.22822,-34.65161,-32.22055,-29.92587,-27.75823,-25.70841,-23.76750,-21.92707,-20.17916,-18.51642,-16.93200,-15.41963,-13.97352,-12.58836,-11.25930,-9.98185,-8.75193,-7.56573,-6.41977,-5.31081,-4.23583,-3.19204,-2.17677,-1.18757,-0.22209,0.72189,1.64643,2.55349,3.44488,4.32225,5.18701,6.04036,6.88315,7.71583,8.53839,9.35029,10.15045,10.93731,12.23089,12.23089,12.41366,12.51247,12.57960,12.62214,12.62194,12.60980,12.62317,12.53009,12.36570,12.53836,12.42205,11.32446,12.28337,14.14568,7.52082,7.52082,0.00000
-69.26079,-69.26079,-71.72140,-72.90305,-73.68459,-74.51875,-75.41643,-75.99929,-76.06472,-75.78489,-75.49904,-75.45840,-75.23284,-74.32217,-74.62778,-75.59306,-71.48076,-71.48076,-63.09334,-59.06803,-55.19772,-51.50553,-48.00511,-44.70188,-41.59474,-38.67792,-35.94255,-33.37794,-30.97245,-28.71424,-26.59166,-24.59355,-22.70940,-20.92947,-19.24474,-17.64698,-16.12868,-14.68298,-13.30368,-11.98511,-10.72213,-9.51006,-8.34461,-7.22186,-6.13820,-5.09029,-4.07503,-3.08953,-2.13106,-1.19707,-0.28510,0.60717,1.48195,2.34135,3.18738,4.02186,4.84647,5.66261,6.47133,7.27324,8.06837,8.85606,9.63490,10.40273,11.66215,11.66215,11.84050,11.93742,12.00044,12.03597,12.03303,12.02547,12.04473,11.95658,11.79667,11.96088,11.85198,10.80747,11.72571,13.50386,7.18055,7.18055,0.00000
-69.57198,-69.57198,-71.93108,-73.11321,-74.06183,-75.04426,-75.76818,-75.89404,-75.68892,-75.61489,-75.63646,-75.66951,-75.32919,-74.32658,-74.64023,-75.67162,-71.36186,-71.36186,-62.45250,-58.19532,-54.13172,-50.28779,-46.67602,-43.29814,-40.14826,-37.21550,-34.48615,-31.94513,-29.57707,-27.36698,-25.30061,-23.36471,-21.54709,-19.83666,-18.22335,-16.69810,-15.25274,-13.87995,-12.57310,-11.32626,-10.13406,-8.99164,-7.89459,-6.83890,-5.82087,-4.83711,-3.88447,-2.95998,-2.06089,-1.18453,-0.32841,0.50994,1.33284,2.14260,2.94141,3.73136,4.51440,5.29226,6.06631,6.83742,7.60579,8.37069,9.13035,9.88191,11.11100,11.11100,11.28418,11.37586,11.43152,11.46284,11.46512,11.46777,11.48799,11.39621,11.23827,11.39896,11.29979,10.30494,11.18164,12.87896,6.85139,6.85139,0.00000
-69.88385,-69.88385,-72.22696,-73.45776,-74.46249,-75.28555,-75.60739,-75.56220,-75.75841,-76.29308,-76.45155,-76.04406,-75.37424,-74.26117,-74.59751,-75.71845,-71.25459,-71.25459,-61.65986,-57.12903,-52.84603,-48.83791,-45.11303,-41.66641,-38.48465,-35.54969,-32.84141,-30.33935,-28.02374,-25.87600,-23.87910,-22.01760,-20.27761,-18.64672,-17.11389,-15.66931,-14.30426,-13.01096,-11.78252,-10.61278,-9.49621,-8.42785,-7.40323,-6.41828,-5.46928,-4.55283,-3.66574,-2.80505,-1.96796,-1.15178,-0.35393,0.42814,1.19689,1.95480,2.70429,3.44776,4.18752,4.92573,5.66423,6.40436,7.14667,7.89056,8.63389,9.37271,10.57761,10.57761,10.74434,10.82935,10.88084,10.91558,10.92771,10.93205,10.93939,10.83842,10.69228,10.85790,10.76546,9.81265,10.64929,12.27203,6.53506,6.53506,0.00000
-70.23185,-70.23185,-72.53745,-73.76770,-74.68719,-75.29242,-75.58418,-76.02989,-76.99146,-77.62570,-76.91225,-75.69803,-74.89801,-74.03845,-74.44841,-75.67681,-71.04473,-71.04473,-60.66827,-55.81492,-51.28548,-47.10479,-43.27177,-39.76982,-36.57425,-33.65718,-30.99044,-28.54715,-26.30252,-24.23418,-22.32220,-20.54898,-18.89901,-17.35872,-15.91620,-14.56101,-13.28400,-12.07712,-10.93325,-9.84612,-8.81014,-7.82033,-6.87219,-5.96170,-5.08515,-4.23917,-3.42061,-2.62653,-1.85413,-1.10071,-0.36365,0.35964,1.07179,1.77540,2.47319,3.16787,3.86220,4.55891,5.26051,5.96911,6.68597,7.41099,8.14194,8.87369,10.05997,10.05997,10.21994,10.29993,10.35168,10.39138,10.40315,10.39385,10.38333,10.29155,10.17488,10.34436,10.24164,9.32516,10.13029,11.68479,6.22996,6.22996,0.00000
-70.44571,-70.44571,-72.68510,-73.82593,-74.64526,-75.26823,-75.89764,-76.92523,-77.88782,-77.51633,-75.60130,-74.28526,-74.46125,-73.93075,-74.21068,-75.53038,-70.87265,-70.87265,-59.41578,-54.17688,-49.37617,-45.02400,-41.09946,-37.56684,-34.38534,-31.51436,-28.91604,-26.55628,-24.40500,-22.43600,-20.62656,-18.95710,-17.41075,-15.97295,-14.63117,-13.37453,-12.19363,-11.08025,-10.02724,-9.02832,-8.07791,-7.17112,-6.30352,-5.47117,-4.67046,-3.89809,-3.15101,-2.42633,-1.72131,-1.03328,-0.35962,0.30231,0.95520,1.60185,2.24519,2.88831,3.53451,4.18719,4.84980,5.52559,6.21712,6.92550,7.64917,8.38262,9.55093,9.55093,9.70249,9.77817,9.82996,9.86760,9.86896,9.84720,9.84481,9.78713,9.69982,9.83949,9.70937,8.84155,9.63242,11.11339,5.92640,5.92640,0.00000
-70.70452,-70.70452,-72.76506,-73.77965,-74.56199,-75.31904,-76.24050,-77.21592,-77.46182,-76.05020,-74.29721,-74.51426,-75.63544,-74.59795,-73.73594,-75.29972,-70.63359,-70.63359,-57.79037,-52.10068,-47.01830,-42.51557,-38.53525,-35.01274,-31.88591,-29.09888,-26.60307,-24.35692,-22.32522,-20.47824,-18.79093,-17.24211,-15.81392,-14.49118,-13.26099,-12.11232,-11.03572,-10.02302,-9.06716,-8.16198,-7.30209,-6.48271,-5.69961,-4.94900,-4.22742,-3.53173,-2.85900,-2.20647,-1.57149,-0.95148,-0.34386,0.25401,0.84486,1.43161,2.01740,2.60570,3.20033,3.80553,4.42591,5.06633,5.73143,6.42470,7.14664,7.89194,9.05788,9.05788,9.20174,9.27428,9.32495,9.35798,9.35446,9.34297,9.36862,9.33570,9.22347,9.30187,9.15851,8.38451,9.16229,10.54064,5.60831,5.60831,0.00000
-70.63505,-70.63505,-72.63005,-73.65266,-74.55649,-75.53251,-76.57265,-77.35659,-77.15949,-76.20024,-75.89076,-77.39540,-77.52369,-73.67404,-72.30751,-74.96538,-70.60701,-70.60701,-55.60570,-49.41717,-44.08080,-39.48473,-35.51322,-32.06296,-29.04667,-26.39219,-24.04044,-21.94312,-20.06072,-18.36084,-16.81679,-15.40651,-14.11164,-12.91686,-11.80929,-10.77805,-9.81391,-8.90895,-8.05640,-7.25037,-6.48574,-5.75802,-5.06322,-4.39778,-3.75850,-3.14241,-2.54680,-1.96906,-1.40671,-0.85730,-0.31834,0.21273,0.73863,1.26232,1.78711,2.31675,2.85558,3.40868,3.98199,4.58239,5.21758,5.89523,6.62073,7.39155,8.58921,8.58921,8.72989,8.80069,8.85016,8.88142,8.88320,8.88865,8.92230,8.85657,8.68789,8.72857,8.65848,7.99329,8.70807,9.93592,5.27957,5.27957,0.00000
-69.77491,-69.77491,-71.78175,-73.04370,-74.31140,-75.65746,-76.93568,-77.77107,-77.91302,-77.68286,-78.12798,-77.95880,-74.82248,-69.13786,-68.84605,-75.23271,-70.24082,-70.24082,-52.50950,-45.88149,-40.40301,-35.82932,-31.96993,-28.67923,-25.84561,-23.38278,-21.22338,-19.31439,-17.61370,-16.08760,-14.70889,-13.45548,-12.30927,-11.25533,-10.28126,-9.37669,-8.53290,-7.74248,-6.99911,-6.29735,-5.63248,-5.00040,-4.39746,-3.82043,-3.26637,-2.73263,-2.21671,-1.71626,-1.22900,-0.75266,-0.28493,0.17662,0.63460,1.09193,1.55196,2.01860,2.49657,2.99162,3.51096,4.06368,4.66126,5.31791,6.04952,6.86792,8.10419,8.10419,8.23212,8.29428,8.33878,8.36892,8.37709,8.38776,8.40094,8.29720,8.12655,8.24958,8.27504,7.65608,8.19204,9.29715,4.99893,4.99893,0.00000
-69.13310,-69.13310,-70.84512,-72.11785,-73.62498,-75.25721,-76.72904,-77.69781,-77.98558,-77.85589,-76.96203,-74.67579,-69.40342,-65.73104,-69.62649,-75.64632,-69.00896,-69.00896,-47.97979,-41.19627,-35.82042,-31.45963,-27.85794,-24.83841,-22.27377,-20.06993,-18.15591,-16.47736,-14.99208,-13.66696,-12.47570,-11.39727,-10.41464,-9.51393,-8.68372,-7.91456,-7.19853,-6.52896,-5.90021,-5.30743,-4.74645,-4.21364,-3.70580,-3.22008,-2.75394,-2.30502,-1.87116,-1.45028,-1.04036,-0.63941,-0.24533,0.14407,0.53121,0.91885,1.31020,1.70914,2.12047,2.55028,3.00657,3.50009,4.04586,4.66564,5.39151,6.26774,7.59954,7.59954,7.71158,7.76947,7.81708,7.85550,7.87640,7.89298,7.89779,7.80894,7.71889,7.91557,7.92866,7.14591,7.54285,8.68842,4.89492,4.89492,0.00000
-67.21207,-67.21207,-68.97247,-70.51526,-72.37899,-74.33279,-76.02705,-77.12237,-77.53617,-77.23200,-76.07303,-73.34185,-71.13623,-70.39511,-74.91580,-76.65442,-61.23196,-61.23196,-41.38541,-35.10336,-30.22278,-26.33085,-23.16380,-20.54270,-18.34113,-16.46725,-14.85298,-13.44706,-12.21032,-11.11244,-10.12969,-9.24325,-8.43808,-7.70202,-7.02515,-6.39930,-5.81768,-5.27463,-4.76534,-4.28572,-3.83226,-3.40191,-2.99201,-2.60017,-2.22428,-1.86236,-1.51262,-1.17332,-0.84277,-0.51928,-0.20106,0.11377,0.42733,0.74206,1.06086,1.38729,1.72587,2.08247,2.46494,2.88425,3.35646,3.90728,4.58313,5.47621,7.14246,7.14246,7.28839,7.37944,7.45864,7.52444,7.56699,7.59249,7.59627,7.52528,7.45630,7.56024,7.33537,6.43372,6.82572,8.30371,4.95629,4.95629,0.00000
-56.97136,-56.97136,-62.50800,-67.56379,-72.00602,-75.63477,-78.29710,-79.93687,-80.67646,-80.57872,-79.50373,-77.65809,-75.21773,-74.51300,-68.75059,-61.01035,-50.51747,-50.51747,-32.70624,-27.60901,-23.63648,-20.47719,-17.92369,-15.82747,-14.08082,-12.60495,-11.34170,-10.24759,-9.28970,-8.44281,-7.68735,-7.00795,-6.39241,-5.83092,-5.31555,-4.83979,-4.39828,-3.98654,-3.60079,-3.23784,-2.89495,-2.56974,-2.26015,-1.96433,-1.68063,-1.40753,-1.14365,-0.88762,-0.63813,-0.39386,-0.15341,0.08474,0.32228,0.56119,0.80387,1.05329,1.31326,1.58877,1.88649,2.21552,2.58844,3.02389,3.55752,4.30805,6.55530,6.55530,6.74999,6.86680,6.96463,7.04340,7.09315,7.11654,7.11315,7.04095,6.93887,6.91997,6.60554,5.85871,6.59395,8.03563,4.87645,4.87645,0.00000
-44.74434,-44.74434,-55.74438,-65.55971,-73.20157,-78.71622,-82.32584,-84.39062,-85.24460,-84.98641,-83.46436,-80.32810,-75.42016,-66.83378,-55.13720,-32.38313,-23.02179,-23.02179,-22.26701,-18.98993,-16.23693,-14.01775,-12.22629,-10.76268,-9.54971,-8.53004,-7.66129,-6.91189,-6.25807,-5.68175,-5.16897,-4.70881,-4.29268,-3.91371,-3.56634,-3.24605,-2.94912,-2.67245,-2.41344,-2.16990,-1.93995,-1.72196,-1.51452,-1.31636,-1.12637,-0.94350,-0.76681,-0.59537,-0.42828,-0.26462,-0.10344,0.05632,0.21586,0.37656,0.54015,0.70875,0.88511,1.07285,1.27674,1.50288,1.75789,2.04231,2.31503,2.31076,5.60702,5.60702,5.90451,6.04897,6.15042,6.22654,6.27571,6.30246,6.31418,6.28175,6.21843,6.24015,6.14093,5.75717,6.41929,7.39652,3.60556,3.60556,0.00000
-55.06707,-55.06707,-59.47933,-64.33859,-68.47212,-71.57187,-73.59942,-74.81455,-75.29585,-75.18150,-74.27131,-72.54866,-69.28193,-64.58960,-55.85850,-48.95549,-27.67082,-27.67082,-12.09362,-9.84678,-8.30358,-7.13059,-6.20103,-5.44725,-4.82529,-4.30421,-3.86152,-3.48059,-3.14896,-2.85716,-2.59794,-2.36564,-2.15580,-1.96489,-1.79004,-1.62894,-1.47969,-1.34069,-1.21063,-1.08838,-0.97299,-0.86364,-0.75960,-0.66023,-0.56497,-0.47330,-0.38472,-0.29877,-0.21499,-0.13292,-0.05206,0.02813,0.10826,0.18906,0.27141,0.35644,0.44558,0.54079,0.64473,0.76139,0.89793,1.07244,1.34953,2.01063,4.56708,4.56708,5.42867,5.90602,6.20562,6.40375,6.52990,6.59995,6.62722,6.59413,6.48884,6.39268,6.19901,5.62177,5.28137,4.87014,1.46999,1.46999,0.00000
0.00000,0.00000,0.00000,0.00000,0.00000,0.00000,0.00000,0.00000,0.00000,0.00000,0.00000,0.00000,0.00000,0.00000,0.00000,0.00000,0.00000,0.00000,0.00000,0.00000,0.00000,0.00000,0.00000,0.00000,0.00000,0.00000,0.00000,0.00000,0.00000,0.00000,0.00000,0.00000,0.00000,0.00000,0.00000,0.00000,0.00000,0.00000,0.00000,0.00000,0.00000,0.00000,0.00000,0.00000,0.00000,0.00000,0.00000,0.00000,0.00000,0.00000,0.00000,0.00000,0.00000,0.00000,0.00000,0.00000,0.00000,0.00000,0.00000,0.00000,0.00000,0.00000,0.00000,0.00000,-4.56708,-4.56708,-5.42867,-5.90602,-6.20562,-6.40375,-6.52990,-6.59995,-6.62722,-6.59413,-6.48884,-6.39268,-6.19901,-5.62177,-5.28137,-4.87014,-1.46999,-1.46999,0.00000
0.00000,0.00000,0.00000,0.00000,0.00000,0.00000,0.00000,0.00000,0.00000,0.00000,0.00000,0.00000,0.00000,0.00000,0.00000,0.00000,0.00000,0.00000,0.00000,0.00000,0.00000,0.00000,0.00000,0.00000,0.00000,0.00000,0.00000,0.00000,0.00000,0.00000,0.00000,0.00000,0.00000,0.00000,0.00000,0.00000,0.00000,0.00000,0.00000,0.00000,0.00000,0.00000,0.00000,0.00000,0.00000,0.00000,0.00000,0.00000,0.00000,0.00000,0.00000,0.00000,0.00000,0.00000,0.00000,0.00000,0.00000,0.00000,0.00000,0.00000,0.00000,0.00000,0.00000,0.00000,0.00000,0.00000,0.00000,0.00000,0.00000,0.00000,0.00000,0.00000,0.00000,0.00000,0.00000,0.00000,0.00000,0.00000,0.00000,0.00000,0.00000,0.00000,0.00000
