-0.00000,0.00003,0.00003,0.00003,0.00003,0.00003,0.00003,0.00002,0.00002,0.00002,0.00002,0.00002,0.00002,0.00002,0.00002,0.00002,0.00002,0.00002,0.00002,0.00002,0.00002,0.00001,0.00001,0.00001,0.00001,0.00001,0.00001,0.00001,0.00001,0.00001,0.00001,0.00000,0.00000,0.00000,0.00000,0.00000,-0.00000,-0.00000,-0.00000,-0.00000,-0.00000,-0.00000,-0.00001,-0.00001,-0.00001,-0.00001,-0.00001,-0.00001,-0.00001,-0.00001,-0.00001,-0.00001,-0.00001,-0.00001,-0.00001,-0.00001,-0.00001,-0.00001,-0.00001,-0.00002,-0.00002,-0.00002,-0.00002,-0.00002,-0.00002,-0.00002,-0.00002,-0.00002,-0.00002,-0.00002,-0.00002,-0.00002,-0.00002,-0.00002,-0.00002,-0.00002,-0.00002,-0.00002,-0.00002,-0.00002,-0.00000,-0.00000,-0.00000
0.00000,-0.00003,-0.00003,-0.00003,-0.00003,-0.00003,-0.00003,-0.00002,-0.00002,-0.00002,-0.00002,-0.00002,-0.00002,-0.00002,-0.00002,-0.00002,-0.00002,-0.00002,-0.00002,-0.00002,-0.00002,-0.00001,-0.00001,-0.00001,-0.00001,-0.00001,-0.00001,-0.00001,-0.00001,-0.00001,-0.00001,-0.00000,-0.00000,-0.00000,-0.00000,-0.00000,0.00000,0.00000,0.00000,0.00000,0.00000,0.00000,0.00001,0.00001,0.00001,0.00001,0.00001,0.00001,0.00001,0.00001,0.00001,0.00001,0.00001,0.00001,0.00001,0.00001,0.00001,0.00001,0.00001,0.00002,0.00002,0.00002,0.00002,0.00002,0.00002,0.00002,0.00002,0.00002,0.00002,0.00002,0.00002,0.00002,0.00002,0.00002,0.00002,0.00002,0.00002,0.00002,0.00002,0.00002,0.00000,0.00000,0.00000
0.00000,-0.00005,-0.00005,-0.00005,-0.00005,-0.00005,-0.00005,-0.00005,-0.00005,-0.00005,-0.00005,-0.00005,-0.00004,-0.00004,-0.00004,-0.00004,-0.00004,-0.00004,-0.00003,-0.00003,-0.00003,-0.00003,-0.00003,-0.00002,-0.00002,-0.00002,-0.00002,-0.00002,-0.00001,-0.00001,-0.00001,-0.00001,-0.00001,-0.00000,-0.00000,-0.00000,0.00000,0.00000,0.00000,0.00001,0.00001,0.00001,0.00001,0.00001,0.00001,0.00002,0.00002,0.00002,0.00002,0.00002,0.00002,0.00002,0.00002,0.00003,0.00003,0.00003,0.00003,0.00003,0.00003,0.00003,0.00003,0.00003,0.00003,0.00003,0.00003,0.00003,0.00003,0.00003,0.00004,0.00004,0.00004,0.00004,0.00004,0.00004,0.00004,0.00004,0.00004,0.00004,0.00004,0.00004,0.00000,0.00000,0.00000
0.00000,-0.00008,-0.00008,-0.00008,-0.00008,-0.00008,-0.00008,-0.00007,-0.00007,-0.00007,-0.00007,-0.00007,-0.00007,-0.00006,-0.00006,-0.00006,-0.00006,-0.00005,-0.00005,-0.00005,-0.00005,-0.00004,-0.00004,-0.00004,-0.00003,-0.00003,-0.00003,-0.00003,-0.00002,-0.00002,-0.00002,-0.00001,-0.00001,-0.00001,-0.00000,-0.00000,0.00000,0.00000,0.00001,0.00001,0.00001,0.00001,0.00002,0.00002,0.00002,0.00002,0.00003,0.00003,0.00003,0.00003,0.00003,0.00003,0.00004,0.00004,0.00004,0.00004,0.00004,0.00004,0.00004,0.00005,0.00005,0.00005,0.00005,0.00005,0.00005,0.00005,0.00005,0.00005,0.00005,0.00005,0.00005,0.00005,0.00005,0.00005,0.00006,0.00006,0.00006,0.00006,0.00006,0.00006,0.00000,0.00000,0.00000
0.00000,-0.00011,-0.00011,-0.00010,-0.00010,-0.00010,-0.00010,-0.00010,-0.00010,-0.00010,-0.00009,-0.00009,-0.00009,-0.00008,-0.00008,-0.00008,-0.00008,-0.00007,-0.00007,-0.00006,-0.00006,-0.00006,-0.00005,-0.00005,-0.00005,-0.00004,-0.00004,-0.00003,-0.00003,-0.00003,-0.00002,-0.00002,-0.00001,-0.00001,-0.00001,-0.00000,0.00000,0.00001,0.00001,0.00001,0.00002,0.00002,0.00002,0.00003,0.00003,0.00003,0.00003,0.00004,0.00004,0.00004,0.00004,0.00005,0.00005,0.00005,0.00005,0.00005,0.00006,0.00006,0.00006,0.00006,0.00006,0.00006,0.00006,0.00007,0.00007,0.00007,0.00007,0.00007,0.00007,0.00007,0.00007,0.00007,0.00007,0.00007,0.00007,0.00007,0.00007,0.00007,0.00007,0.00007,0.00000,0.00000,0.00000
0.00000,-0.00013,-0.00013,-0.00013,-0.00013,-0.00013,-0.00013,-0.00012,-0.00012,-0.00012,-0.00012,-0.00011,-0.00011,-0.00011,-0.00010,-0.00010,-0.00009,-0.00009,-0.00009,-0.00008,-0.00008,-0.00007,-0.00007,-0.00006,-0.00006,-0.00005,-0.00005,-0.00004,-0.00004,-0.00003,-0.00003,-0.00002,-0.00002,-0.00001,-0.00001,-0.00000,0.00000,0.00001,0.00001,0.00002,0.00002,0.00002,0.00003,0.00003,0.00004,0.00004,0.00004,0.00005,0.00005,0.00005,0.00005,0.00006,0.00006,0.00006,0.00007,0.00007,0.00007,0.00007,0.00007,0.00008,0.00008,0.00008,0.00008,0.00008,0.00008,0.00008,0.00009,0.00009,0.00009,0.00009,0.00009,0.00009,0.00009,0.00009,0.00009,0.00009,0.00009,0.00009,0.00009,0.00009,0.00000,0.00000,0.00000
0.00000,-0.00016,-0.00016,-0.00016,-0.00016,-0.00015,-0.00015,-0.00015,-0.00015,-0.00014,-0.00014,-0.00014,-0.00013,-0.00013,-0.00012,-0.00012,-0.00011,-0.00011,-0.00010,-0.00010,-0.00009,-0.00009,-0.00008,-0.00007,-0.00007,-0.00006,-0.00006,-0.00005,-0.00004,-0.00004,-0.00003,-0.00003,-0.00002,-0.00001,-0.00001,-0.00000,0.00000,0.00001,0.00001,0.00002,0.00002,0.00003,0.00003,0.00004,0.00004,0.00005,0.00005,0.00006,0.00006,0.00006,0.00007,0.00007,0.00007,0.00008,0.00008,0.00008,0.00008,0.00009,0.00009,0.00009,0.00009,0.00010,0.00010,0.00010,0.00010,0.00010,0.00010,0.00010,0.00011,0.00011,0.00011,0.00011,0.00011,0.00011,0.00011,0.00011,0.00011,0.00011,0.00011,0.00011,0.00000,0.00000,0.00000
0.00000,-0.00019,-0.00019,-0.00018,-0.00018,-0.00018,-0.00018,-0.00018,-0.00017,-0.00017,-0.00016,-0.00016,-0.00016,-0.00015,-0.00014,-0.00014,-0.00013,-0.00013,-0.00012,-0.00011,-0.00011,-0.00010,-0.00009,-0.00009,-0.00008,-0.00007,-0.00007,-0.00006,-0.00005,-0.00004,-0.00004,-0.00003,-0.00002,-0.00002,-0.00001,-0.00000,0.00000,0.00001,0.00002,0.00002,0.00003,0.00003,0.00004,0.00004,0.00005,0.00006,0.00006,0.00006,0.00007,0.00007,0.00008,0.00008,0.00009,0.00009,0.00009,0.00010,0.00010,0.00010,0.00010,0.00011,0.00011,0.00011,0.00011,0.00012,0.00012,0.00012,0.00012,0.00012,0.00012,0.00012,0.00013,0.00013,0.00013,0.00013,0.00013,0.00013,0.00013,0.00013,0.00013,0.00013,0.00000,0.00000,0.00000
0.00000,-0.00021,-0.00021,-0.00021,-0.00021,-0.00021,-0.00021,-0.00020,-0.00020,-0.00019,-0.00019,-0.00018,-0.00018,-0.00017,-0.00017,-0.00016,-0.00015,-0.00015,-0.00014,-0.00013,-0.00012,-0.00012,-0.00011,-0.00010,-0.00009,-0.00008,-0.00008,-0.00007,-0.00006,-0.00005,-0.00004,-0.00003,-0.00003,-0.00002,-0.00001,-0.00000,0.00000,0.00001,0.00002,0.00003,0.00003,0.00004,0.00005,0.00005,0.00006,0.00006,0.00007,0.00007,0.00008,0.00008,0.00009,0.00009,0.00010,0.00010,0.00011,0.00011,0.00011,0.00012,0.00012,0.00012,0.00013,0.00013,0.00013,0.00013,0.00013,0.00014,0.00014,0.00014,0.00014,0.00014,0.00014,0.00015,0.00015,0.00015,0.00015,0.00015,0.00015,0.00015,0.00015,0.00015,0.00000,0.00000,0.00000
0.00000,-0.00024,-0.00024,-0.00024,-0.00024,-0.00024,-0.00023,-0.00023,-0.00022,-0.00022,-0.00021,-0.00021,-0.00020,-0.00020,-0.00019,-0.00018,-0.00017,-0.00017,-0.00016,-0.00015,-0.00014,-0.00013,-0.00012,-0.00011,-0.00010,-0.00009,-0.00009,-0.00008,-0.00007,-0.00006,-0.00005,-0.00004,-0.00003,-0.00002,-0.00001,-0.00000,0.00001,0.00001,0.00002,0.00003,0.00004,0.00004,0.00005,0.00006,0.00007,0.00007,0.00008,0.00008,0.00009,0.00010,0.00010,0.00011,0.00011,0.00012,0.00012,0.00012,0.00013,0.00013,0.00014,0.00014,0.00014,0.00014,0.00015,0.00015,0.00015,0.00015,0.00016,0.00016,0.00016,0.00016,0.00016,0.00016,0.00016,0.00017,0.00017,0.00017,0.00017,0.00017,0.00017,0.00017,0.00000,0.00000,0.00000
0.00000,-0.00027,-0.00027,-0.00027,-0.00027,-0.00026,-0.00026,-0.00026,-0.00025,-0.00025,-0.00024,-0.00023,-0.00023,-0.00022,-0.00021,-0.00020,-0.00019,-0.00018,-0.00018,-0.00017,-0.00016,-0.00015,-0.00014,-0.00013,-0.00012,-0.00011,-0.00009,-0.00008,-0.00007,-0.00006,-0.00005,-0.00004,-0.00003,-0.00002,-0.00001,-0.00000,0.00001,0.00002,0.00002,0.00003,0.00004,0.00005,0.00006,0.00007,0.00007,0.00008,0.00009,0.00009,0.00010,0.00011,0.00011,0.00012,0.00012,0.00013,0.00013,0.00014,0.00014,0.00015,0.00015,0.00015,0.00016,0.00016,0.00016,0.00017,0.00017,0.00017,0.00017,0.00018,0.00018,0.00018,0.00018,0.00018,0.00018,0.00018,0.00019,0.00019,0.00019,0.00019,0.00019,0.00019,0.00000,0.00000,0.00000
0.00000,-0.00030,-0.00030,-0.00030,-0.00030,-0.00029,-0.00029,-0.00028,-0.00028,-0.00027,-0.00026,-0.00026,-0.00025,-0.00024,-0.00023,-0.00022,-0.00021,-0.00020,-0.00019,-0.00018,-0.00017,-0.00016,-0.00015,-0.00014,-0.00013,-0.00012,-0.00010,-0.00009,-0.00008,-0.00007,-0.00006,-0.00005,-0.00004,-0.00002,-0.00001,-0.00000,0.00001,0.00002,0.00003,0.00004,0.00005,0.00006,0.00007,0.00007,0.00008,0.00009,0.00010,0.00011,0.00011,0.00012,0.00013,0.00013,0.00014,0.00014,0.00015,0.00015,0.00016,0.00016,0.00017,0.00017,0.00017,0.00018,0.00018,0.00018,0.00019,0.00019,0.00019,0.00019,0.00020,0.00020,0.00020,0.00020,0.00020,0.00020,0.00020,0.00021,0.00021,0.00021,0.00021,0.00021,0.00000,0.00000,0.00000
0.00000,-0.00033,-0.00033,-0.00033,-0.00033,-0.00032,-0.00032,-0.00031,-0.00031,-0.00030,-0.00029,-0.00028,-0.00027,-0.00027,-0.00026,-0.00025,-0.00023,-0.00022,-0.00021,-0.00020,-0.00019,-0.00018,-0.00016,-0.00015,-0.00014,-0.00013,-0.00011,-0.00010,-0.00009,-0.00008,-0.00006,-0.00005,-0.00004,-0.00003,-0.00001,-0.00000,0.00001,0.00002,0.00003,0.00004,0.00005,0.00006,0.00007,0.00008,0.00009,0.00010,0.00011,0.00012,0.00012,0.00013,0.00014,0.00014,0.00015,0.00016,0.00016,0.00017,0.00017,0.00018,0.00018,0.00019,0.00019,0.00020,0.00020,0.00020,0.00021,0.00021,0.00021,0.00021,0.00021,0.00022,0.00022,0.00022,0.00022,0.00022,0.00022,0.00023,0.00023,0.00023,0.00023,0.00023,0.00000,0.00000,0.00000
0.00000,-0.00036,-0.00036,-0.00036,-0.00036,-0.00035,-0.00035,-0.00034,-0.00033,-0.00033,-0.00032,-0.00031,-0.00030,-0.00029,-0.00028,-0.00027,-0.00026,-0.00024,-0.00023,-0.00022,-0.00021,-0.00019,-0.00018,-0.00017,-0.00015,-0.00014,-0.00012,-0.00011,-0.00010,-0.00008,-0.00007,-0.00005,-0.00004,-0.00003,-0.00001,-0.00000,0.00001,0.00002,0.00004,0.00005,0.00006,0.00007,0.00008,0.00009,0.00010,0.00011,0.00012,0.00013,0.00014,0.00014,0.00015,0.00016,0.00017,0.00017,0.00018,0.00018,0.00019,0.00019,0.00020,0.00020,0.00021,0.00021,0.00022,0.00022,0.00022,0.00023,0.00023,0.00023,0.00023,0.00024,0.00024,0.00024,0.00024,0.00024,0.00024,0.00024,0.00025,0.00025,0.00025,0.00025,0.00000,0.00000,0.00000
0.00000,-0.00040,-0.00039,-0.00039,-0.00039,-0.00038,-0.00038,-0.00037,-0.00036,-0.00035,-0.00035,-0.00034,-0.00033,-0.00031,-0.00030,-0.00029,-0.00028,-0.00026,-0.00025,-0.00024,-0.00022,-0.00021,-0.00019,-0.00018,-0.00016,-0.00015,-0.00013,-0.00012,-0.00010,-0.00009,-0.00007,-0.00006,-0.00004,-0.00003,-0.00001,-0.00000,0.00001,0.00003,0.00004,0.00005,0.00006,0.00008,0.00009,0.00010,0.00011,0.00012,0.00013,0.00014,0.00015,0.00016,0.00016,0.00017,0.00018,0.00019,0.00019,0.00020,0.00021,0.00021,0.00022,0.00022,0.00023,0.00023,0.00023,0.00024,0.00024,0.00024,0.00025,0.00025,0.00025,0.00026,0.00026,0.00026,0.00026,0.00026,0.00026,0.00026,0.00027,0.00027,0.00027,0.00027,0.00000,0.00000,0.00000
0.00000,-0.00043,-0.00043,-0.00042,-0.00042,-0.00041,-0.00041,-0.00040,-0.00039,-0.00038,-0.00037,-0.00036,-0.00035,-0.00034,-0.00033,-0.00031,-0.00030,-0.00029,-0.00027,-0.00026,-0.00024,-0.00022,-0.00021,-0.00019,-0.00018,-0.00016,-0.00014,-0.00013,-0.00011,-0.00009,-0.00008,-0.00006,-0.00004,-0.00003,-0.00001,0.00000,0.00002,0.00003,0.00004,0.00006,0.00007,0.00008,0.00010,0.00011,0.00012,0.00013,0.00014,0.00015,0.00016,0.00017,0.00018,0.00019,0.00019,0.00020,0.00021,0.00022,0.00022,0.00023,0.00023,0.00024,0.00024,0.00025,0.00025,0.00026,0.00026,0.00026,0.00027,0.00027,0.00027,0.00027,0.00028,0.00028,0.00028,0.00028,0.00028,0.00028,0.00028,0.00029,0.00029,0.00029,0.00000,0.00000,0.00000
0.00000,-0.00046,-0.00046,-0.00046,-0.00045,-0.00045,-0.00044,-0.00043,-0.00042,-0.00041,-0.00040,-0.00039,-0.00038,-0.00037,-0.00035,-0.00034,-0.00032,-0.00031,-0.00029,-0.00027,-0.00026,-0.00024,-0.00022,-0.00021,-0.00019,-0.00017,-0.00015,-0.00013,-0.00012,-0.00010,-0.00008,-0.00006,-0.00005,-0.00003,-0.00001,0.00000,0.00002,0.00003,0.00005,0.00006,0.00008,0.00009,0.00010,0.00012,0.00013,0.00014,0.00015,0.00016,0.00017,0.00018,0.00019,0.00020,0.00021,0.00022,0.00023,0.00023,0.00024,0.00025,0.00025,0.00026,0.00026,0.00027,0.00027,0.00028,0.00028,0.00028,0.00029,0.00029,0.00029,0.00029,0.00030,0.00030,0.00030,0.00030,0.00030,0.00030,0.00031,0.00031,0.00031,0.00031,0.00000,0.00000,0.00000
0.00000,-0.00050,-0.00050,-0.00049,-0.00049,-0.00048,-0.00047,-0.00047,-0.00046,-0.00045,-0.00043,-0.00042,-0.00041,-0.00039,-0.00038,-0.00036,0.00000,0.00031,0.00029,0.00027,0.00026,0.00024,0.00022,0.00021,0.00019,0.00017,0.00015,0.00013,0.00012,0.00010,0.00008,0.00006,0.00005,0.00003,0.00001,-0.00000,-0.00002,-0.00003,-0.00005,-0.00006,-0.00008,-0.00009,-0.00010,-0.00012,-0.00013,-0.00014,-0.00015,-0.00016,-0.00017,-0.00018,-0.00019,-0.00020,-0.00021,-0.00022,-0.00023,-0.00023,-0.00024,-0.00025,-0.00025,-0.00026,-0.00026,-0.00027,-0.00027,-0.00028,0.00000,0.00030,0.00031,0.00031,0.00031,0.00031,0.00032,0.00032,0.00032,0.00032,0.00032,0.00032,0.00033,0.00033,0.00033,0.00033,0.00000,0.00000,0.00000
0.00000,-0.00053,-0.00053,-0.00053,-0.00052,-0.00052,-0.00051,-0.00050,-0.00049,-0.00048,-0.00046,-0.00045,-0.00044,-0.00042,-0.00041,-0.00039,0.00000,0.00000,0.00000,0.00000,0.00000,0.00000,0.00000,0.00000,0.00000,0.00000,0.00000,0.00000,0.00000,0.00000,0.00000,0.00000,0.00000,0.00000,0.00000,0.00000,0.00000,0.00000,0.00000,0.00000,0.00000,0.00000,0.00000,0.00000,0.00000,0.00000,0.00000,0.00000,0.00000,0.00000,0.00000,0.00000,0.00000,0.00000,0.00000,0.00000,0.00000,0.00000,0.00000,0.00000,0.00000,0.00000,0.00000,0.00000,0.00000,0.00032,0.00033,0.00033,0.00033,0.00033,0.00034,0.00034,0.00034,0.00034,0.00034,0.00034,0.00035,0.00035,0.00035,0.00035,0.00000,0.00000,0.00000
0.00000,-0.00057,-0.00057,-0.00056,-0.00056,-0.00055,-0.00054,-0.00053,-0.00052,-0.00051,-0.00050,-0.00048,-0.00047,-0.00045,-0.00043,-0.00041,0.00000,0.00000,0.00000,0.00000,0.00000,0.00000,0.00000,0.00000,0.00000,0.00000,0.00000,0.00000,0.00000,0.00000,0.00000,0.00000,0.00000,0.00000,0.00000,0.00000,0.00000,0.00000,0.00000,0.00000,0.00000,0.00000,0.00000,0.00000,0.00000,0.00000,0.00000,0.00000,0.00000,0.00000,0.00000,0.00000,0.00000,0.00000,0.00000,0.00000,0.00000,0.00000,0.00000,0.00000,0.00000,0.00000,0.00000,0.00000,0.00000,0.00034,0.00035,0.00035,0.00035,0.00035,0.00036,0.00036,0.00036,0.00036,0.00036,0.00037,0.00037,0.00037,0.00037,0.00037,0.00000,0.00000,0.00000
0.00000,-0.00061,-0.00061,-0.00060,-0.00060,-0.00059,-0.00058,-0.00057,-0.00056,-0.00054,-0.00053,-0.00051,-0.00050,-0.00048,-0.00046,-0.00044,0.00000,0.00000,0.00000,0.00000,0.00000,0.00000,0.00000,0.00000,0.00000,0.00000,0.00000,0.00000,0.00000,0.00000,0.00000,0.00000,0.00000,0.00000,0.00000,0.00000,0.00000,0.00000,0.00000,0.00000,0.00000,0.00000,0.00000,0.00000,0.00000,0.00000,0.00000,0.00000,0.00000,0.00000,0.00000,0.00000,0.00000,0.00000,0.00000,0.00000,0.00000,0.00000,0.00000,0.00000,0.00000,0.00000,0.00000,0.00000,0.00000,0.00036,0.00037,0.00037,0.00037,0.00038,0.00038,0.00038,0.00038,0.00038,0.00039,0.00039,0.00039,0.00039,0.00039,0.00039,0.00000,0.00000,0.00000
0.00000,-0.00065,-0.00065,-0.00064,-0.00064,-0.00063,-0.00062,-0.00061,-0.00059,-0.00058,-0.00056,-0.00055,-0.00053,-0.00051,-0.00049,-0.00047,0.00000,0.00000,0.00000,0.00000,0.00000,0.00000,0.00000,0.00000,0.00000,0.00000,0.00000,0.00000,0.00000,0.00000,0.00000,0.00000,0.00000,0.00000,0.00000,0.00000,0.00000,0.00000,0.00000,0.00000,0.00000,0.00000,0.00000,0.00000,0.00000,0.00000,0.00000,0.00000,0.00000,0.00000,0.00000,0.00000,0.00000,0.00000,0.00000,0.00000,0.00000,0.00000,0.00000,0.00000,0.00000,0.00000,0.00000,0.00000,0.00000,0.00038,0.00039,0.00039,0.00039,0.00040,0.00040,0.00040,0.00040,0.00040,0.00041,0.00041,0.00041,0.00041,0.00041,0.00041,0.00000,0.00000,0.00000
0.00000,-0.00069,-0.00069,-0.00069,-0.00068,-0.00067,-0.00066,-0.00065,-0.00063,-0.00062,-0.00060,-0.00058,-0.00056,-0.00054,-0.00052,-0.00050,0.00000,0.00000,0.00000,0.00000,0.00000,0.00000,0.00000,0.00000,0.00000,0.00000,0.00000,0.00000,0.00000,0.00000,0.00000,0.00000,0.00000,0.00000,0.00000,0.00000,0.00000,0.00000,0.00000,0.00000,0.00000,0.00000,0.00000,0.00000,0.00000,0.00000,0.00000,0.00000,0.00000,0.00000,0.00000,0.00000,0.00000,0.00000,0.00000,0.00000,0.00000,0.00000,0.00000,0.00000,0.00000,0.00000,0.00000,0.00000,0.00000,0.00040,0.00041,0.00041,0.00041,0.00042,0.00042,0.00042,0.00042,0.00043,0.00043,0.00043,0.00043,0.00043,0.00043,0.00043,0.00000,0.00000,0.00000
0.00000,-0.00074,-0.00074,-0.00073,-0.00072,-0.00071,-0.00070,-0.00069,-0.00067,-0.00066,-0.00064,-0.00062,-0.00060,-0.00057,-0.00055,-0.00053,0.00000,0.00000,0.00000,0.00000,0.00000,0.00000,0.00000,0.00000,0.00000,0.00000,0.00000,0.00000,0.00000,0.00000,0.00000,0.00000,0.00000,0.00000,0.00000,0.00000,0.00000,0.00000,0.00000,0.00000,0.00000,0.00000,0.00000,0.00000,0.00000,0.00000,0.00000,0.00000,0.00000,0.00000,0.00000,0.00000,0.00000,0.00000,0.00000,0.00000,0.00000,0.00000,0.00000,0.00000,0.00000,0.00000,0.00000,0.00000,0.00000,0.00043,0.00043,0.00043,0.00044,0.00044,0.00044,0.00044,0.00045,0.00045,0.00045,0.00045,0.00045,0.00045,0.00045,0.00045,0.00000,0.00000,0.00000
0.00000,-0.00079,-0.00078,-0.00077,-0.00077,-0.00076,-0.00074,-0.00073,-0.00071,-0.00069,-0.00068,-0.00065,-0.00063,-0.00061,-0.00058,-0.00056,0.00000,0.00000,0.00000,0.00000,0.00000,0.00000,0.00000,0.00000,0.00000,0.00000,0.00000,0.00000,0.00000,0.00000,0.00000,0.00000,0.00000,0.00000,0.00000,0.00000,0.00000,0.00000,0.00000,0.00000,0.00000,0.00000,0.00000,0.00000,0.00000,0.00000,0.00000,0.00000,0.00000,0.00000,0.00000,0.00000,0.00000,0.00000,0.00000,0.00000,0.00000,0.00000,0.00000,0.00000,0.00000,0.00000,0.00000,0.00000,0.00000,0.00045,0.00045,0.00045,0.00046,0.00046,0.00046,0.00047,0.00047,0.00047,0.00047,0.00047,0.00047,0.00047,0.00047,0.00048,0.00000,0.00000,0.00000
0.00000,-0.00083,-0.00083,-0.00082,-0.00081,-0.00080,-0.00079,-0.00077,-0.00076,-0.00074,-0.00072,-0.00069,-0.00067,-0.00064,-0.00062,-0.00059,0.00000,0.00000,0.00000,0.00000,0.00000,0.00000,0.00000,0.00000,0.00000,0.00000,0.00000,0.00000,0.00000,0.00000,0.00000,0.00000,0.00000,0.00000,0.00000,0.00000,0.00000,0.00000,0.00000,0.00000,0.00000,0.00000,0.00000,0.00000,0.00000,0.00000,0.00000,0.00000,0.00000,0.00000,0.00000,0.00000,0.00000,0.00000,0.00000,0.00000,0.00000,0.00000,0.00000,0.00000,0.00000,0.00000,0.00000,0.00000,0.00000,0.00047,0.00047,0.00048,0.00048,0.00048,0.00049,0.00049,0.00049,0.00049,0.00049,0.00049,0.00050,0.00050,0.00050,0.00050,0.00000,0.00000,0.00000
0.00000,-0.00088,-0.00088,-0.00087,-0.00086,-0.00085,-0.00084,-0.00082,-0.00080,-0.00078,-0.00076,-0.00073,-0.00071,-0.00068,-0.00065,-0.00062,0.00000,0.00000,0.00000,0.00000,0.00000,0.00000,0.00000,0.00000,0.00000,0.00000,0.00000,0.00000,0.00000,0.00000,0.00000,0.00000,0.00000,0.00000,0.00000,0.00000,0.00000,0.00000,0.00000,0.00000,0.00000,0.00000,0.00000,0.00000,0.00000,0.00000,0.00000,0.00000,0.00000,0.00000,0.00000,0.00000,0.00000,0.00000,0.00000,0.00000,0.00000,0.00000,0.00000,0.00000,0.00000,0.00000,0.00000,0.00000,0.00000,0.00049,0.00050,0.00050,0.00050,0.00051,0.00051,0.00051,0.00051,0.00051,0.00052,0.00052,0.00052,0.00052,0.00052,0.00052,0.00000,0.00000,0.00000
0.00000,-0.00094,-0.00093,-0.00092,-0.00091,-0.00090,-0.00089,-0.00087,-0.00085,-0.00083,-0.00080,-0.00077,-0.00075,-0.00072,-0.00069,-0.00065,0.00000,0.00000,0.00000,0.00000,0.00000,0.00000,0.00000,0.00000,0.00000,0.00000,0.00000,0.00000,0.00000,0.00000,0.00000,0.00000,0.00000,0.00000,0.00000,0.00000,0.00000,0.00000,0.00000,0.00000,0.00000,0.00000,0.00000,0.00000,0.00000,0.00000,0.00000,0.00000,0.00000,0.00000,0.00000,0.00000,0.00000,0.00000,0.00000,0.00000,0.00000,0.00000,0.00000,0.00000,0.00000,0.00000,0.00000,0.00000,0.00000,0.00051,0.00052,0.00052,0.00053,0.00053,0.00053,0.00053,0.00053,0.00054,0.00054,0.00054,0.00054,0.00054,0.00054,0.00054,0.00000,0.00000,0.00000
0.00000,-0.00099,-0.00099,-0.00098,-0.00097,-0.00095,-0.00094,-0.00092,-0.00090,-0.00087,-0.00085,-0.00082,-0.00079,-0.00076,-0.00072,-0.00069,0.00000,0.00000,0.00000,0.00000,0.00000,0.00000,0.00000,0.00000,0.00000,0.00000,0.00000,0.00000,0.00000,0.00000,0.00000,0.00000,0.00000,0.00000,0.00000,0.00000,0.00000,0.00000,0.00000,0.00000,0.00000,0.00000,0.00000,0.00000,0.00000,0.00000,0.00000,0.00000,0.00000,0.00000,0.00000,0.00000,0.00000,0.00000,0.00000,0.00000,0.00000,0.00000,0.00000,0.00000,0.00000,0.00000,0.00000,0.00000,0.00000,0.00054,0.00054,0.00055,0.00055,0.00055,0.00055,0.00056,0.00056,0.00056,0.00056,0.00056,0.00056,0.00056,0.00056,0.00056,0.00000,0.00000,0.00000
0.00000,-0.00105,-0.00105,-0.00104,-0.00103,-0.00101,-0.00099,-0.00097,-0.00095,-0.00092,-0.00089,-0.00086,-0.00083,-0.00080,-0.00076,-0.00072,0.00000,0.00000,0.00000,0.00000,0.00000,0.00000,0.00000,0.00000,0.00000,0.00000,0.00000,0.00000,0.00000,0.00000,0.00000,0.00000,0.00000,0.00000,0.00000,0.00000,0.00000,0.00000,0.00000,0.00000,0.00000,0.00000,0.00000,0.00000,0.00000,0.00000,0.00000,0.00000,0.00000,0.00000,0.00000,0.00000,0.00000,0.00000,0.00000,0.00000,0.00000,0.00000,0.00000,0.00000,0.00000,0.00000,0.00000,0.00000,0.00000,0.00056,0.00057,0.00057,0.00057,0.00057,0.00058,0.00058,0.00058,0.00058,0.00058,0.00058,0.00059,0.00059,0.00059,0.00059,0.00000,0.00000,0.00000
0.00000,-0.00111,-0.00111,-0.00110,-0.00108,-0.00107,-0.00105,-0.00103,-0.00100,-0.00097,-0.00094,-0.00091,-0.00088,-0.00084,-0.00080,-0.00076,0.00000,0.00000,0.00000,0.00000,0.00000,0.00000,0.00000,0.00000,0.00000,0.00000,0.00000,0.00000,0.00000,0.00000,0.00000,0.00000,0.00000,0.00000,0.00000,0.00000,0.00000,0.00000,0.00000,0.00000,0.00000,0.00000,0.00000,0.00000,0.00000,0.00000,0.00000,0.00000,0.00000,0.00000,0.00000,0.00000,0.00000,0.00000,0.00000,0.00000,0.00000,0.00000,0.00000,0.00000,0.00000,0.00000,0.00000,0.00000,0.00000,0.00059,0.00059,0.00059,0.00060,0.00060,0.00060,0.00060,0.00060,0.00061,0.00061,0.00061,0.00061,0.00061,0.00061,0.00061,0.00000,0.00000,0.00000
0.00000,-0.00118,-0.00117,-0.00116,-0.00115,-0.00113,-0.00111,-0.00109,-0.00106,-0.00103,-0.00100,-0.00096,-0.00092,-0.00088,-0.00084,-0.00080,0.00000,0.00000,0.00000,0.00000,0.00000,0.00000,0.00000,0.00000,0.00000,0.00000,0.00000,0.00000,0.00000,0.00000,0.00000,0.00000,0.00000,0.00000,0.00000,0.00000,0.00000,0.00000,0.00000,0.00000,0.00000,0.00000,0.00000,0.00000,0.00000,0.00000,0.00000,0.00000,0.00000,0.00000,0.00000,0.00000,0.00000,0.00000,0.00000,0.00000,0.00000,0.00000,0.00000,0.00000,0.00000,0.00000,0.00000,0.00000,0.00000,0.00061,0.00061,0.00062,0.00062,0.00062,0.00062,0.00063,0.00063,0.00063,0.00063,0.00063,0.00063,0.00063,0.00063,0.00063,0.00000,0.00000,0.00000
0.00000,-0.00125,-0.00124,-0.00123,-0.00121,-0.00120,-0.00117,-0.00115,-0.00112,-0.00108,-0.00105,-0.00101,-0.00097,-0.00093,-0.00088,-0.00084,0.00000,0.00000,0.00000,0.00000,0.00000,0.00000,0.00000,0.00000,0.00000,0.00000,0.00000,0.00000,0.00000,0.00000,0.00000,0.00000,0.00000,0.00000,0.00000,0.00000,0.00000,0.00000,0.00000,0.00000,0.00000,0.00000,0.00000,0.00000,0.00000,0.00000,0.00000,0.00000,0.00000,0.00000,0.00000,0.00000,0.00000,0.00000,0.00000,0.00000,0.00000,0.00000,0.00000,0.00000,0.00000,0.00000,0.00000,0.00000,0.00000,0.00064,0.00064,0.00064,0.00064,0.00065,0.00065,0.00065,0.00065,0.00065,0.00065,0.00065,0.00066,0.00066,0.00066,0.00066,0.00000,0.00000,0.00000
0.00000,-0.00132,-0.00131,-0.00130,-0.00128,-0.00126,-0.00124,-0.00121,-0.00118,-0.00114,-0.00111,-0.00107,-0.00102,-0.00098,-0.00093,-0.00088,0.00000,0.00000,0.00000,0.00000,0.00000,0.00000,0.00000,0.00000,0.00000,0.00000,0.00000,0.00000,0.00000,0.00000,0.00000,0.00000,0.00000,0.00000,0.00000,0.00000,0.00000,0.00000,0.00000,0.00000,0.00000,0.00000,0.00000,0.00000,0.00000,0.00000,0.00000,0.00000,0.00000,0.00000,0.00000,0.00000,0.00000,0.00000,0.00000,0.00000,0.00000,0.00000,0.00000,0.00000,0.00000,0.00000,0.00000,0.00000,0.00000,0.00066,0.00066,0.00067,0.00067,0.00067,0.00067,0.00067,0.00068,0.00068,0.00068,0.00068,0.00068,0.00068,0.00068,0.00068,0.00000,0.00000,0.00000
0.00000,-0.00140,-0.00139,-0.00138,-0.00136,-0.00134,-0.00131,-0.00128,-0.00125,-0.00121,-0.00117,-0.00112,-0.00108,-0.00103,-0.00098,-0.00092,0.00000,0.00000,0.00000,0.00000,0.00000,0.00000,0.00000,0.00000,0.00000,0.00000,0.00000,0.00000,0.00000,0.00000,0.00000,0.00000,0.00000,0.00000,0.00000,0.00000,0.00000,0.00000,0.00000,0.00000,0.00000,0.00000,0.00000,0.00000,0.00000,0.00000,0.00000,0.00000,0.00000,0.00000,0.00000,0.00000,0.00000,0.00000,0.00000,0.00000,0.00000,0.00000,0.00000,0.00000,0.00000,0.00000,0.00000,0.00000,0.00000,0.00069,0.00069,0.00069,0.00069,0.00070,0.00070,0.00070,0.00070,0.00070,0.00070,0.00070,0.00070,0.00070,0.00070,0.00070,0.00000,0.00000,0.00000
0.00000,-0.00148,-0.00147,-0.00146,-0.00144,-0.00141,-0.00138,-0.00135,-0.00131,-0.00127,-0.00123,-0.00118,-0.00113,-0.00108,-0.00102,-0.00097,0.00000,0.00000,0.00000,0.00000,0.00000,0.00000,0.00000,0.00000,0.00000,0.00000,0.00000,0.00000,0.00000,0.00000,0.00000,0.00000,0.00000,0.00000,0.00000,0.00000,0.00000,0.00000,0.00000,0.00000,0.00000,0.00000,0.00000,0.00000,0.00000,0.00000,0.00000,0.00000,0.00000,0.00000,0.00000,0.00000,0.00000,0.00000,0.00000,0.00000,0.00000,0.00000,0.00000,0.00000,0.00000,0.00000,0.00000,0.00000,0.00000,0.00071,0.00072,0.00072,0.00072,0.00072,0.00072,0.00072,0.00072,0.00073,0.00073,0.00073,0.00073,0.00073,0.00073,0.00073,0.00000,0.00000,0.00000
0.00000,-0.00157,-0.00156,-0.00154,-0.00152,-0.00149,-0.00146,-0.00143,-0.00139,-0.00134,-0.00130,-0.00125,-0.00119,-0.00113,-0.00107,-0.00101,0.00000,0.00000,0.00000,0.00000,0.00000,0.00000,0.00000,0.00000,0.00000,0.00000,0.00000,0.00000,0.00000,0.00000,0.00000,0.00000,0.00000,0.00000,0.00000,0.00000,0.00000,0.00000,0.00000,0.00000,0.00000,0.00000,0.00000,0.00000,0.00000,0.00000,0.00000,0.00000,0.00000,0.00000,0.00000,0.00000,0.00000,0.00000,0.00000,0.00000,0.00000,0.00000,0.00000,0.00000,0.00000,0.00000,0.00000,0.00000,0.00000,0.00074,0.00074,0.00074,0.00075,0.00075,0.00075,0.00075,0.00075,0.00075,0.00075,0.00075,0.00075,0.00075,0.00075,0.00075,0.00000,0.00000,0.00000
0.00000,-0.00166,-0.00165,-0.00163,-0.00161,-0.00158,-0.00155,-0.00151,-0.00146,-0.00142,-0.00137,-0.00131,-0.00125,-0.00119,-0.00113,-0.00106,0.00000,0.00000,0.00000,0.00000,0.00000,0.00000,0.00000,0.00000,0.00000,0.00000,0.00000,0.00000,0.00000,0.00000,0.00000,0.00000,0.00000,0.00000,0.00000,0.00000,0.00000,0.00000,0.00000,0.00000,0.00000,0.00000,0.00000,0.00000,0.00000,0.00000,0.00000,0.00000,0.00000,0.00000,0.00000,0.00000,0.00000,0.00000,0.00000,0.00000,0.00000,0.00000,0.00000,0.00000,0.00000,0.00000,0.00000,0.00000,0.00000,0.00077,0.00077,0.00077,0.00077,0.00077,0.00077,0.00077,0.00077,0.00077,0.00077,0.00077,0.00077,0.00077,0.00077,0.00077,0.00000,0.00000,0.00000
0.00000,-0.00176,-0.00174,-0.00172,-0.00170,-0.00167,-0.00163,-0.00159,-0.00155,-0.00149,-0.00144,-0.00138,-0.00132,-0.00125,-0.00118,-0.00111,0.00000,0.00000,0.00000,0.00000,0.00000,0.00000,0.00000,0.00000,0.00000,0.00000,0.00000,0.00000,0.00000,0.00000,0.00000,0.00000,0.00000,0.00000,0.00000,0.00000,0.00000,0.00000,0.00000,0.00000,0.00000,0.00000,0.00000,0.00000,0.00000,0.00000,0.00000,0.00000,0.00000,0.00000,0.00000,0.00000,0.00000,0.00000,0.00000,0.00000,0.00000,0.00000,0.00000,0.00000,0.00000,0.00000,0.00000,0.00000,0.00000,0.00080,0.00080,0.00080,0.00080,0.00080,0.00080,0.00080,0.00080,0.00080,0.00080,0.00080,0.00080,0.00080,0.00080,0.00080,0.00000,0.00000,0.00000
0.00000,-0.00186,-0.00185,-0.00183,-0.00180,-0.00177,-0.00173,-0.00168,-0.00163,-0.00158,-0.00152,-0.00145,-0.00138,-0.00131,-0.00124,-0.00116,0.00000,0.00000,0.00000,0.00000,0.00000,0.00000,0.00000,0.00000,0.00000,0.00000,0.00000,0.00000,0.00000,0.00000,0.00000,0.00000,0.00000,0.00000,0.00000,0.00000,0.00000,0.00000,0.00000,0.00000,0.00000,0.00000,0.00000,0.00000,0.00000,0.00000,0.00000,0.00000,0.00000,0.00000,0.00000,0.00000,0.00000,0.00000,0.00000,0.00000,0.00000,0.00000,0.00000,0.00000,0.00000,0.00000,0.00000,0.00000,0.00000,0.00082,0.00082,0.00082,0.00082,0.00082,0.00082,0.00082,0.00082,0.00082,0.00082,0.00082,0.00082,0.00082,0.00082,0.00082,0.00000,0.00000,0.00000
0.00000,-0.00197,-0.00195,-0.00193,-0.00190,-0.00187,-0.00183,-0.00178,-0.00172,-0.00166,-0.00160,-0.00153,-0.00146,-0.00138,-0.00130,-0.00122,0.00000,0.00000,0.00000,0.00000,0.00000,0.00000,0.00000,0.00000,0.00000,0.00000,0.00000,0.00000,0.00000,0.00000,0.00000,0.00000,0.00000,0.00000,0.00000,0.00000,0.00000,0.00000,0.00000,0.00000,0.00000,0.00000,0.00000,0.00000,0.00000,0.00000,0.00000,0.00000,0.00000,0.00000,0.00000,0.00000,0.00000,0.00000,0.00000,0.00000,0.00000,0.00000,0.00000,0.00000,0.00000,0.00000,0.00000,0.00000,0.00000,0.00085,0.00085,0.00085,0.00085,0.00085,0.00085,0.00085,0.00085,0.00085,0.00085,0.00085,0.00085,0.00085,0.00085,0.00084,0.00000,0.00000,0.00000
0.00000,-0.00209,-0.00207,-0.00205,-0.00202,-0.00198,-0.00193,-0.00188,-0.00182,-0.00175,-0.00168,-0.00161,-0.00153,-0.00145,-0.00136,-0.00127,0.00000,0.00000,0.00000,0.00000,0.00000,0.00000,0.00000,0.00000,0.00000,0.00000,0.00000,0.00000,0.00000,0.00000,0.00000,0.00000,0.00000,0.00000,0.00000,0.00000,0.00000,0.00000,0.00000,0.00000,0.00000,0.00000,0.00000,0.00000,0.00000,0.00000,0.00000,0.00000,0.00000,0.00000,0.00000,0.00000,0.00000,0.00000,0.00000,0.00000,0.00000,0.00000,0.00000,0.00000,0.00000,0.00000,0.00000,0.00000,0.00000,0.00088,0.00088,0.00088,0.00088,0.00088,0.00088,0.00087,0.00087,0.00087,0.00087,0.00087,0.00087,0.00087,0.00087,0.00087,0.00000,0.00000,0.00000
0.00000,-0.00221,-0.00220,-0.00217,-0.00214,-0.00209,-0.00204,-0.00199,-0.00192,-0.00185,-0.00178,-0.00169,-0.00161,-0.00152,-0.00143,-0.00133,0.00000,0.00000,0.00000,0.00000,0.00000,0.00000,0.00000,0.00000,0.00000,0.00000,0.00000,0.00000,0.00000,0.00000,0.00000,0.00000,0.00000,0.00000,0.00000,0.00000,0.00000,0.00000,0.00000,0.00000,0.00000,0.00000,0.00000,0.00000,0.00000,0.00000,0.00000,0.00000,0.00000,0.00000,0.00000,0.00000,0.00000,0.00000,0.00000,0.00000,0.00000,0.00000,0.00000,0.00000,0.00000,0.00000,0.00000,0.00000,0.00000,0.00091,0.00091,0.00091,0.00090,0.00090,0.00090,0.00090,0.00090,0.00090,0.00090,0.00089,0.00089,0.00089,0.00089,0.00089,0.00000,0.00000,0.00000
0.00000,-0.00235,-0.00233,-0.00230,-0.00226,-0.00222,-0.00216,-0.00210,-0.00203,-0.00195,-0.00187,-0.00178,-0.00169,-0.00159,-0.00149,-0.00139,0.00000,0.00000,0.00000,0.00000,0.00000,0.00000,0.00000,0.00000,0.00000,0.00000,0.00000,0.00000,0.00000,0.00000,0.00000,0.00000,0.00000,0.00000,0.00000,0.00000,0.00000,0.00000,0.00000,0.00000,0.00000,0.00000,0.00000,0.00000,0.00000,0.00000,0.00000,0.00000,0.00000,0.00000,0.00000,0.00000,0.00000,0.00000,0.00000,0.00000,0.00000,0.00000,0.00000,0.00000,0.00000,0.00000,0.00000,0.00000,0.00000,0.00094,0.00094,0.00093,0.00093,0.00093,0.00093,0.00093,0.00092,0.00092,0.00092,0.00092,0.00092,0.00092,0.00092,0.00091,0.00000,0.00000,0.00000
0.00000,-0.00249,-0.00247,-0.00244,-0.00240,-0.00235,-0.00229,-0.00222,-0.00215,-0.00206,-0.00197,-0.00188,-0.00178,-0.00167,-0.00156,-0.00145,0.00000,0.00000,0.00000,0.00000,0.00000,0.00000,0.00000,0.00000,0.00000,0.00000,0.00000,0.00000,0.00000,0.00000,0.00000,0.00000,0.00000,0.00000,0.00000,0.00000,0.00000,0.00000,0.00000,0.00000,0.00000,0.00000,0.00000,0.00000,0.00000,0.00000,0.00000,0.00000,0.00000,0.00000,0.00000,0.00000,0.00000,0.00000,0.00000,0.00000,0.00000,0.00000,0.00000,0.00000,0.00000,0.00000,0.00000,0.00000,0.00000,0.00097,0.00096,0.00096,0.00096,0.00096,0.00095,0.00095,0.00095,0.00095,0.00094,0.00094,0.00094,0.00094,0.00094,0.00094,0.00000,0.00000,0.00000
0.00000,-0.00265,-0.00262,-0.00259,-0.00254,-0.00249,-0.00243,-0.00235,-0.00227,-0.00218,-0.00208,-0.00198,-0.00187,-0.00175,-0.00164,-0.00151,0.00000,0.00000,0.00000,0.00000,0.00000,0.00000,0.00000,0.00000,0.00000,0.00000,0.00000,0.00000,0.00000,0.00000,0.00000,0.00000,0.00000,0.00000,0.00000,0.00000,0.00000,0.00000,0.00000,0.00000,0.00000,0.00000,0.00000,0.00000,0.00000,0.00000,0.00000,0.00000,0.00000,0.00000,0.00000,0.00000,0.00000,0.00000,0.00000,0.00000,0.00000,0.00000,0.00000,0.00000,0.00000,0.00000,0.00000,0.00000,0.00000,0.00100,0.00099,0.00099,0.00099,0.00098,0.00098,0.00098,0.00097,0.00097,0.00097,0.00097,0.00096,0.00096,0.00096,0.00096,0.00000,0.00000,0.00000
0.00000,-0.00281,-0.00279,-0.00275,-0.00270,-0.00264,-0.00257,-0.00249,-0.00240,-0.00230,-0.00219,-0.00208,-0.00196,-0.00184,-0.00171,-0.00158,0.00000,0.00000,0.00000,0.00000,0.00000,0.00000,0.00000,0.00000,0.00000,0.00000,0.00000,0.00000,0.00000,0.00000,0.00000,0.00000,0.00000,0.00000,0.00000,0.00000,0.00000,0.00000,0.00000,0.00000,0.00000,0.00000,0.00000,0.00000,0.00000,0.00000,0.00000,0.00000,0.00000,0.00000,0.00000,0.00000,0.00000,0.00000,0.00000,0.00000,0.00000,0.00000,0.00000,0.00000,0.00000,0.00000,0.00000,0.00000,0.00000,0.00103,0.00102,0.00102,0.00101,0.00101,0.00100,0.00100,0.00100,0.00099,0.00099,0.00099,0.00099,0.00098,0.00098,0.00098,0.00000,0.00000,0.00000
0.00000,-0.00299,-0.00296,-0.00292,-0.00287,-0.00280,-0.00273,-0.00264,-0.00254,-0.00243,-0.00231,-0.00219,-0.00206,-0.00193,-0.00179,-0.00165,0.00000,0.00000,0.00000,0.00000,0.00000,0.00000,0.00000,0.00000,0.00000,0.00000,0.00000,0.00000,0.00000,0.00000,0.00000,0.00000,0.00000,0.00000,0.00000,0.00000,0.00000,0.00000,0.00000,0.00000,0.00000,0.00000,0.00000,0.00000,0.00000,0.00000,0.00000,0.00000,0.00000,0.00000,0.00000,0.00000,0.00000,0.00000,0.00000,0.00000,0.00000,0.00000,0.00000,0.00000,0.00000,0.00000,0.00000,0.00000,0.00000,0.00106,0.00105,0.00104,0.00104,0.00103,0.00103,0.00102,0.00102,0.00102,0.00101,0.00101,0.00101,0.00101,0.00100,0.00100,0.00000,0.00000,0.00000
0.00000,-0.00318,-0.00315,-0.00311,-0.00305,-0.00298,-0.00289,-0.00279,-0.00269,-0.00257,-0.00244,-0.00231,-0.00217,-0.00202,-0.00187,-0.00172,0.00000,0.00000,0.00000,0.00000,0.00000,0.00000,0.00000,0.00000,0.00000,0.00000,0.00000,0.00000,0.00000,0.00000,0.00000,0.00000,0.00000,0.00000,0.00000,0.00000,0.00000,0.00000,0.00000,0.00000,0.00000,0.00000,0.00000,0.00000,0.00000,0.00000,0.00000,0.00000,0.00000,0.00000,0.00000,0.00000,0.00000,0.00000,0.00000,0.00000,0.00000,0.00000,0.00000,0.00000,0.00000,0.00000,0.00000,0.00000,0.00000,0.00109,0.00108,0.00107,0.00107,0.00106,0.00105,0.00105,0.00104,0.00104,0.00104,0.00103,0.00103,0.00103,0.00103,0.00102,0.00000,0.00000,0.00000
0.00000,-0.00339,-0.00335,-0.00331,-0.00324,-0.00316,-0.00307,-0.00296,-0.00284,-0.00272,-0.00258,-0.00243,-0.00228,-0.00212,-0.00196,-0.00179,0.00000,0.00000,0.00000,0.00000,0.00000,0.00000,0.00000,0.00000,0.00000,0.00000,0.00000,0.00000,0.00000,0.00000,0.00000,0.00000,0.00000,0.00000,0.00000,0.00000,0.00000,0.00000,0.00000,0.00000,0.00000,0.00000,0.00000,0.00000,0.00000,0.00000,0.00000,0.00000,0.00000,0.00000,0.00000,0.00000,0.00000,0.00000,0.00000,0.00000,0.00000,0.00000,0.00000,0.00000,0.00000,0.00000,0.00000,0.00000,0.00000,0.00111,0.00111,0.00110,0.00109,0.00109,0.00108,0.00107,0.00107,0.00106,0.00106,0.00105,0.00105,0.00105,0.00105,0.00105,0.00000,0.00000,0.00000
0.00000,-0.00361,-0.00357,-0.00352,-0.00345,-0.00336,-0.00326,-0.00314,-0.00301,-0.00287,-0.00272,-0.00256,-0.00239,-0.00222,-0.00204,-0.00186,0.00000,0.00000,0.00000,0.00000,0.00000,0.00000,0.00000,0.00000,0.00000,0.00000,0.00000,0.00000,0.00000,0.00000,0.00000,0.00000,0.00000,0.00000,0.00000,0.00000,0.00000,0.00000,0.00000,0.00000,0.00000,0.00000,0.00000,0.00000,0.00000,0.00000,0.00000,0.00000,0.00000,0.00000,0.00000,0.00000,0.00000,0.00000,0.00000,0.00000,0.00000,0.00000,0.00000,0.00000,0.00000,0.00000,0.00000,0.00000,0.00000,0.00114,0.00113,0.00113,0.00112,0.00111,0.00110,0.00110,0.00109,0.00108,0.00108,0.00108,0.00107,0.00107,0.00107,0.00107,0.00000,0.00000,0.00000
0.00000,-0.00385,-0.00381,-0.00375,-0.00367,-0.00358,-0.00347,-0.00334,-0.00319,-0.00304,-0.00287,-0.00270,-0.00252,-0.00233,-0.00213,-0.00194,0.00000,0.00000,0.00000,0.00000,0.00000,0.00000,0.00000,0.00000,0.00000,0.00000,0.00000,0.00000,0.00000,0.00000,0.00000,0.00000,0.00000,0.00000,0.00000,0.00000,0.00000,0.00000,0.00000,0.00000,0.00000,0.00000,0.00000,0.00000,0.00000,0.00000,0.00000,0.00000,0.00000,0.00000,0.00000,0.00000,0.00000,0.00000,0.00000,0.00000,0.00000,0.00000,0.00000,0.00000,0.00000,0.00000,0.00000,0.00000,0.00000,0.00117,0.00116,0.00115,0.00114,0.00113,0.00113,0.00112,0.00111,0.00111,0.00110,0.00110,0.00109,0.00109,0.00109,0.00108,0.00000,0.00000,0.00000
0.00000,-0.00411,-0.00407,-0.00400,-0.00392,-0.00381,-0.00369,-0.00354,-0.00339,-0.00322,-0.00304,-0.00284,-0.00264,-0.00244,-0.00223,-0.00201,0.00000,0.00000,0.00000,0.00000,0.00000,0.00000,0.00000,0.00000,0.00000,0.00000,0.00000,0.00000,0.00000,0.00000,0.00000,0.00000,0.00000,0.00000,0.00000,0.00000,0.00000,0.00000,0.00000,0.00000,0.00000,0.00000,0.00000,0.00000,0.00000,0.00000,0.00000,0.00000,0.00000,0.00000,0.00000,0.00000,0.00000,0.00000,0.00000,0.00000,0.00000,0.00000,0.00000,0.00000,0.00000,0.00000,0.00000,0.00000,0.00000,0.00120,0.00119,0.00118,0.00117,0.00116,0.00115,0.00114,0.00113,0.00113,0.00112,0.00112,0.00111,0.00111,0.00110,0.00110,0.00000,0.00000,0.00000
0.00000,-0.00439,-0.00435,-0.00427,-0.00418,-0.00406,-0.00392,-0.00377,-0.00359,-0.00341,-0.00321,-0.00300,-0.00278,-0.00255,-0.00232,-0.00209,0.00000,0.00000,0.00000,0.00000,0.00000,0.00000,0.00000,0.00000,0.00000,0.00000,0.00000,0.00000,0.00000,0.00000,0.00000,0.00000,0.00000,0.00000,0.00000,0.00000,0.00000,0.00000,0.00000,0.00000,0.00000,0.00000,0.00000,0.00000,0.00000,0.00000,0.00000,0.00000,0.00000,0.00000,0.00000,0.00000,0.00000,0.00000,0.00000,0.00000,0.00000,0.00000,0.00000,0.00000,0.00000,0.00000,0.00000,0.00000,0.00000,0.00123,0.00122,0.00120,0.00119,0.00118,0.00117,0.00116,0.00115,0.00115,0.00114,0.00113,0.00113,0.00113,0.00112,0.00112,0.00000,0.00000,0.00000
0.00000,-0.00470,-0.00465,-0.00457,-0.00446,-0.00433,-0.00418,-0.00401,-0.00382,-0.00361,-0.00339,-0.00316,-0.00292,-0.00267,-0.00242,-0.00217,0.00000,0.00000,0.00000,0.00000,0.00000,0.00000,0.00000,0.00000,0.00000,0.00000,0.00000,0.00000,0.00000,0.00000,0.00000,0.00000,0.00000,0.00000,0.00000,0.00000,0.00000,0.00000,0.00000,0.00000,0.00000,0.00000,0.00000,0.00000,0.00000,0.00000,0.00000,0.00000,0.00000,0.00000,0.00000,0.00000,0.00000,0.00000,0.00000,0.00000,0.00000,0.00000,0.00000,0.00000,0.00000,0.00000,0.00000,0.00000,0.00000,0.00126,0.00124,0.00123,0.00122,0.00120,0.00119,0.00118,0.00117,0.00117,0.00116,0.00115,0.00115,0.00114,0.00114,0.00114,0.00000,0.00000,0.00000
0.00000,-0.00504,-0.00497,-0.00489,-0.00477,-0.00462,-0.00446,-0.00427,-0.00405,-0.00383,-0.00358,-0.00333,-0.00306,-0.00279,-0.00252,-0.00224,0.00000,0.00000,0.00000,0.00000,0.00000,0.00000,0.00000,0.00000,0.00000,0.00000,0.00000,0.00000,0.00000,0.00000,0.00000,0.00000,0.00000,0.00000,0.00000,0.00000,0.00000,0.00000,0.00000,0.00000,0.00000,0.00000,0.00000,0.00000,0.00000,0.00000,0.00000,0.00000,0.00000,0.00000,0.00000,0.00000,0.00000,0.00000,0.00000,0.00000,0.00000,0.00000,0.00000,0.00000,0.00000,0.00000,0.00000,0.00000,0.00000,0.00128,0.00127,0.00125,0.00124,0.00123,0.00121,0.00120,0.00119,0.00118,0.00118,0.00117,0.00116,0.00116,0.00115,0.00115,0.00000,0.00000,0.00000
0.00000,-0.00540,-0.00533,-0.00523,-0.00510,-0.00494,-0.00476,-0.00454,-0.00431,-0.00406,-0.00379,-0.00351,-0.00322,-0.00292,-0.00262,-0.00232,0.00000,0.00000,0.00000,0.00000,0.00000,0.00000,0.00000,0.00000,0.00000,0.00000,0.00000,0.00000,0.00000,0.00000,0.00000,0.00000,0.00000,0.00000,0.00000,0.00000,0.00000,0.00000,0.00000,0.00000,0.00000,0.00000,0.00000,0.00000,0.00000,0.00000,0.00000,0.00000,0.00000,0.00000,0.00000,0.00000,0.00000,0.00000,0.00000,0.00000,0.00000,0.00000,0.00000,0.00000,0.00000,0.00000,0.00000,0.00000,0.00000,0.00131,0.00129,0.00128,0.00126,0.00125,0.00123,0.00122,0.00121,0.00120,0.00119,0.00118,0.00118,0.00117,0.00117,0.00117,0.00000,0.00000,0.00000
0.00000,-0.00580,-0.00572,-0.00561,-0.00546,-0.00529,-0.00508,-0.00484,-0.00458,-0.00431,-0.00401,-0.00370,-0.00338,-0.00305,-0.00272,-0.00239,0.00000,0.00000,0.00000,0.00000,0.00000,0.00000,0.00000,0.00000,0.00000,0.00000,0.00000,0.00000,0.00000,0.00000,0.00000,0.00000,0.00000,0.00000,0.00000,0.00000,0.00000,0.00000,0.00000,0.00000,0.00000,0.00000,0.00000,0.00000,0.00000,0.00000,0.00000,0.00000,0.00000,0.00000,0.00000,0.00000,0.00000,0.00000,0.00000,0.00000,0.00000,0.00000,0.00000,0.00000,0.00000,0.00000,0.00000,0.00000,0.00000,0.00134,0.00132,0.00130,0.00128,0.00127,0.00125,0.00124,0.00123,0.00122,0.00121,0.00120,0.00119,0.00119,0.00118,0.00118,0.00000,0.00000,0.00000
0.00000,-0.00623,-0.00615,-0.00602,-0.00586,-0.00566,-0.00543,-0.00517,-0.00488,-0.00457,-0.00424,-0.00390,-0.00354,-0.00318,-0.00282,-0.00246,0.00000,0.00000,0.00000,0.00000,0.00000,0.00000,0.00000,0.00000,0.00000,0.00000,0.00000,0.00000,0.00000,0.00000,0.00000,0.00000,0.00000,0.00000,0.00000,0.00000,0.00000,0.00000,0.00000,0.00000,0.00000,0.00000,0.00000,0.00000,0.00000,0.00000,0.00000,0.00000,0.00000,0.00000,0.00000,0.00000,0.00000,0.00000,0.00000,0.00000,0.00000,0.00000,0.00000,0.00000,0.00000,0.00000,0.00000,0.00000,0.00000,0.00136,0.00134,0.00132,0.00130,0.00128,0.00127,0.00125,0.00124,0.00123,0.00122,0.00121,0.00120,0.00120,0.00119,0.00119,0.00000,0.00000,0.00000
0.00000,-0.00671,-0.00661,-0.00647,-0.00629,-0.00607,-0.00581,-0.00552,-0.00520,-0.00485,-0.00449,-0.00411,-0.00372,-0.00332,-0.00292,-0.00253,0.00000,0.00000,0.00000,0.00000,0.00000,0.00000,0.00000,0.00000,0.00000,0.00000,0.00000,0.00000,0.00000,0.00000,0.00000,0.00000,0.00000,0.00000,0.00000,0.00000,0.00000,0.00000,0.00000,0.00000,0.00000,0.00000,0.00000,0.00000,0.00000,0.00000,0.00000,0.00000,0.00000,0.00000,0.00000,0.00000,0.00000,0.00000,0.00000,0.00000,0.00000,0.00000,0.00000,0.00000,0.00000,0.00000,0.00000,0.00000,0.00000,0.00138,0.00136,0.00134,0.00132,0.00130,0.00128,0.00127,0.00126,0.00124,0.00123,0.00122,0.00122,0.00121,0.00120,0.00120,0.00000,0.00000,0.00000
0.00000,-0.00723,-0.00712,-0.00697,-0.00676,-0.00651,-0.00622,-0.00590,-0.00554,-0.00516,-0.00475,-0.00433,-0.00390,-0.00346,-0.00302,-0.00258,0.00000,0.00000,0.00000,0.00000,0.00000,0.00000,0.00000,0.00000,0.00000,0.00000,0.00000,0.00000,0.00000,0.00000,0.00000,0.00000,0.00000,0.00000,0.00000,0.00000,0.00000,0.00000,0.00000,0.00000,0.00000,0.00000,0.00000,0.00000,0.00000,0.00000,0.00000,0.00000,0.00000,0.00000,0.00000,0.00000,0.00000,0.00000,0.00000,0.00000,0.00000,0.00000,0.00000,0.00000,0.00000,0.00000,0.00000,0.00000,0.00000,0.00140,0.00138,0.00136,0.00134,0.00132,0.00130,0.00128,0.00127,0.00125,0.00124,0.00123,0.00123,0.00122,0.00121,0.00121,0.00000,0.00000,0.00000
0.00000,-0.00780,-0.00768,-0.00751,-0.00728,-0.00700,-0.00667,-0.00631,-0.00591,-0.00548,-0.00503,-0.00456,-0.00408,-0.00360,-0.00311,-0.00264,0.00000,0.00000,0.00000,0.00000,0.00000,0.00000,0.00000,0.00000,0.00000,0.00000,0.00000,0.00000,0.00000,0.00000,0.00000,0.00000,0.00000,0.00000,0.00000,0.00000,0.00000,0.00000,0.00000,0.00000,0.00000,0.00000,0.00000,0.00000,0.00000,0.00000,0.00000,0.00000,0.00000,0.00000,0.00000,0.00000,0.00000,0.00000,0.00000,0.00000,0.00000,0.00000,0.00000,0.00000,0.00000,0.00000,0.00000,0.00000,0.00000,0.00142,0.00140,0.00137,0.00135,0.00133,0.00131,0.00129,0.00128,0.00126,0.00125,0.00124,0.00123,0.00123,0.00122,0.00122,0.00000,0.00000,0.00000
0.00000,-0.00844,-0.00830,-0.00810,-0.00785,-0.00753,-0.00717,-0.00676,-0.00631,-0.00583,-0.00532,-0.00480,-0.00427,-0.00373,-0.00320,-0.00268,0.00000,0.00000,0.00000,0.00000,0.00000,0.00000,0.00000,0.00000,0.00000,0.00000,0.00000,0.00000,0.00000,0.00000,0.00000,0.00000,0.00000,0.00000,0.00000,0.00000,0.00000,0.00000,0.00000,0.00000,0.00000,0.00000,0.00000,0.00000,0.00000,0.00000,0.00000,0.00000,0.00000,0.00000,0.00000,0.00000,0.00000,0.00000,0.00000,0.00000,0.00000,0.00000,0.00000,0.00000,0.00000,0.00000,0.00000,0.00000,0.00000,0.00144,0.00141,0.00139,0.00136,0.00134,0.00132,0.00130,0.00129,0.00127,0.00126,0.00125,0.00124,0.00123,0.00123,0.00122,0.00000,0.00000,0.00000
0.00000,-0.00914,-0.00898,-0.00876,-0.00847,-0.00811,-0.00770,-0.00724,-0.00674,-0.00620,-0.00563,-0.00505,-0.00446,-0.00387,-0.00328,-0.00270,0.00000,0.00000,0.00000,0.00000,0.00000,0.00000,0.00000,0.00000,0.00000,0.00000,0.00000,0.00000,0.00000,0.00000,0.00000,0.00000,0.00000,0.00000,0.00000,0.00000,0.00000,0.00000,0.00000,0.00000,0.00000,0.00000,0.00000,0.00000,0.00000,0.00000,0.00000,0.00000,0.00000,0.00000,0.00000,0.00000,0.00000,0.00000,0.00000,0.00000,0.00000,0.00000,0.00000,0.00000,0.00000,0.00000,0.00000,0.00000,0.00000,0.00146,0.00143,0.00140,0.00138,0.00135,0.00133,0.00131,0.00129,0.00128,0.00127,0.00125,0.00124,0.00124,0.00123,0.00123,0.00000,0.00000,0.00000
0.00000,-0.00991,-0.00974,-0.00948,-0.00915,-0.00875,-0.00829,-0.00777,-0.00720,-0.00660,-0.00596,-0.00531,-0.00465,-0.00400,-0.00335,-0.00271,0.00000,0.00000,0.00000,0.00000,0.00000,0.00000,0.00000,0.00000,0.00000,0.00000,0.00000,0.00000,0.00000,0.00000,0.00000,0.00000,0.00000,0.00000,0.00000,0.00000,0.00000,0.00000,0.00000,0.00000,0.00000,0.00000,0.00000,0.00000,0.00000,0.00000,0.00000,0.00000,0.00000,0.00000,0.00000,0.00000,0.00000,0.00000,0.00000,0.00000,0.00000,0.00000,0.00000,0.00000,0.00000,0.00000,0.00000,0.00000,0.00000,0.00147,0.00144,0.00141,0.00139,0.00136,0.00134,0.00132,0.00130,0.00128,0.00127,0.00126,0.00125,0.00124,0.00123,0.00123,0.00000,0.00000,0.00000
0.00000,-0.01077,-0.01057,-0.01029,-0.00991,-0.00946,-0.00893,-0.00834,-0.00770,-0.00702,-0.00631,-0.00558,-0.00485,-0.00412,-0.00340,-0.00270,0.00000,0.00000,0.00000,0.00000,0.00000,0.00000,0.00000,0.00000,0.00000,0.00000,0.00000,0.00000,0.00000,0.00000,0.00000,0.00000,0.00000,0.00000,0.00000,0.00000,0.00000,0.00000,0.00000,0.00000,0.00000,0.00000,0.00000,0.00000,0.00000,0.00000,0.00000,0.00000,0.00000,0.00000,0.00000,0.00000,0.00000,0.00000,0.00000,0.00000,0.00000,0.00000,0.00000,0.00000,0.00000,0.00000,0.00000,0.00000,0.00000,0.00148,0.00145,0.00142,0.00139,0.00137,0.00134,0.00132,0.00130,0.00129,0.00127,0.00126,0.00125,0.00124,0.00123,0.00123,0.00000,0.00000,0.00000
0.00000,-0.01173,-0.01150,-0.01118,-0.01075,-0.01023,-0.00963,-0.00896,-0.00824,-0.00747,-0.00668,-0.00586,-0.00504,-0.00423,-0.00343,-0.00266,0.00000,0.00000,0.00000,0.00000,0.00000,0.00000,0.00000,0.00000,0.00000,0.00000,0.00000,0.00000,0.00000,0.00000,0.00000,0.00000,0.00000,0.00000,0.00000,0.00000,0.00000,0.00000,0.00000,0.00000,0.00000,0.00000,0.00000,0.00000,0.00000,0.00000,0.00000,0.00000,0.00000,0.00000,0.00000,0.00000,0.00000,0.00000,0.00000,0.00000,0.00000,0.00000,0.00000,0.00000,0.00000,0.00000,0.00000,0.00000,0.00000,0.00149,0.00146,0.00143,0.00140,0.00137,0.00135,0.00132,0.00130,0.00129,0.00127,0.00126,0.00125,0.00124,0.00123,0.00123,0.00000,0.00000,0.00000
0.00000,-0.01279,-0.01254,-0.01216,-0.01167,-0.01108,-0.01040,-0.00965,-0.00882,-0.00796,-0.00706,-0.00614,-0.00523,-0.00432,-0.00343,-0.00258,0.00000,0.00000,0.00000,0.00000,0.00000,0.00000,0.00000,0.00000,0.00000,0.00000,0.00000,0.00000,0.00000,0.00000,0.00000,0.00000,0.00000,0.00000,0.00000,0.00000,0.00000,0.00000,0.00000,0.00000,0.00000,0.00000,0.00000,0.00000,0.00000,0.00000,0.00000,0.00000,0.00000,0.00000,0.00000,0.00000,0.00000,0.00000,0.00000,0.00000,0.00000,0.00000,0.00000,0.00000,0.00000,0.00000,0.00000,0.00000,0.00000,0.00150,0.00146,0.00143,0.00140,0.00137,0.00135,0.00132,0.00130,0.00128,0.00127,0.00125,0.00124,0.00123,0.00123,0.00122,0.00000,0.00000,0.00000
0.00000,-0.01399,-0.01369,-0.01326,-0.01270,-0.01203,-0.01125,-0.01039,-0.00946,-0.00847,-0.00746,-0.00643,-0.00540,-0.00439,-0.00340,-0.00247,0.00000,0.00000,0.00000,0.00000,0.00000,0.00000,0.00000,0.00000,0.00000,0.00000,0.00000,0.00000,0.00000,0.00000,0.00000,0.00000,0.00000,0.00000,0.00000,0.00000,0.00000,0.00000,0.00000,0.00000,0.00000,0.00000,0.00000,0.00000,0.00000,0.00000,0.00000,0.00000,0.00000,0.00000,0.00000,0.00000,0.00000,0.00000,0.00000,0.00000,0.00000,0.00000,0.00000,0.00000,0.00000,0.00000,0.00000,0.00000,0.00000,0.00151,0.00147,0.00143,0.00140,0.00137,0.00134,0.00132,0.00130,0.00128,0.00126,0.00125,0.00124,0.00123,0.00122,0.00121,0.00000,0.00000,0.00000
0.00000,-0.01532,-0.01499,-0.01449,-0.01385,-0.01308,-0.01219,-0.01120,-0.01014,-0.00902,-0.00787,-0.00671,-0.00556,-0.00443,-0.00333,-0.00230,0.00000,0.00000,0.00000,0.00000,0.00000,0.00000,0.00000,0.00000,0.00000,0.00000,0.00000,0.00000,0.00000,0.00000,0.00000,0.00000,0.00000,0.00000,0.00000,0.00000,0.00000,0.00000,0.00000,0.00000,0.00000,0.00000,0.00000,0.00000,0.00000,0.00000,0.00000,0.00000,0.00000,0.00000,0.00000,0.00000,0.00000,0.00000,0.00000,0.00000,0.00000,0.00000,0.00000,0.00000,0.00000,0.00000,0.00000,0.00000,0.00000,0.00151,0.00147,0.00143,0.00140,0.00137,0.00134,0.00131,0.00129,0.00127,0.00125,0.00124,0.00123,0.00122,0.00121,0.00121,0.00000,0.00000,0.00000
0.00000,-0.01683,-0.01644,-0.01587,-0.01513,-0.01424,-0.01322,-0.01209,-0.01087,-0.00960,-0.00830,-0.00699,-0.00569,-0.00442,-0.00321,-0.00206,0.00000,0.00000,0.00000,0.00000,0.00000,0.00000,0.00000,0.00000,0.00000,0.00000,0.00000,0.00000,0.00000,0.00000,0.00000,0.00000,0.00000,0.00000,0.00000,0.00000,0.00000,0.00000,0.00000,0.00000,0.00000,0.00000,0.00000,0.00000,0.00000,0.00000,0.00000,0.00000,0.00000,0.00000,0.00000,0.00000,0.00000,0.00000,0.00000,0.00000,0.00000,0.00000,0.00000,0.00000,0.00000,0.00000,0.00000,0.00000,0.00000,0.00150,0.00146,0.00143,0.00139,0.00136,0.00133,0.00130,0.00128,0.00126,0.00124,0.00123,0.00122,0.00121,0.00120,0.00119,0.00000,0.00000,0.00000
0.00000,-0.01852,-0.01807,-0.01741,-0.01656,-0.01553,-0.01435,-0.01306,-0.01167,-0.01022,-0.00874,-0.00725,-0.00579,-0.00437,-0.00302,-0.00175,0.00000,0.00000,0.00000,0.00000,0.00000,0.00000,0.00000,0.00000,0.00000,0.00000,0.00000,0.00000,0.00000,0.00000,0.00000,0.00000,0.00000,0.00000,0.00000,0.00000,0.00000,0.00000,0.00000,0.00000,0.00000,0.00000,0.00000,0.00000,0.00000,0.00000,0.00000,0.00000,0.00000,0.00000,0.00000,0.00000,0.00000,0.00000,0.00000,0.00000,0.00000,0.00000,0.00000,0.00000,0.00000,0.00000,0.00000,0.00000,0.00000,0.00150,0.00146,0.00142,0.00138,0.00135,0.00132,0.00129,0.00127,0.00125,0.00123,0.00122,0.00120,0.00119,0.00119,0.00118,0.00000,0.00000,0.00000
0.00000,-0.02044,-0.01992,-0.01915,-0.01816,-0.01697,-0.01561,-0.01412,-0.01253,-0.01087,-0.00918,-0.00749,-0.00584,-0.00425,-0.00275,-0.00134,0.00000,0.00000,0.00000,0.00000,0.00000,0.00000,0.00000,0.00000,0.00000,0.00000,0.00000,0.00000,0.00000,0.00000,0.00000,0.00000,0.00000,0.00000,0.00000,0.00000,0.00000,0.00000,0.00000,0.00000,0.00000,0.00000,0.00000,0.00000,0.00000,0.00000,0.00000,0.00000,0.00000,0.00000,0.00000,0.00000,0.00000,0.00000,0.00000,0.00000,0.00000,0.00000,0.00000,0.00000,0.00000,0.00000,0.00000,0.00000,0.00000,0.00149,0.00145,0.00141,0.00137,0.00134,0.00131,0.00128,0.00126,0.00123,0.00122,0.00120,0.00119,0.00118,0.00117,0.00116,0.00000,0.00000,0.00000
0.00000,-0.02262,-0.02201,-0.02111,-0.01996,-0.01858,-0.01701,-0.01528,-0.01345,-0.01154,-0.00962,-0.00770,-0.00583,-0.00405,-0.00237,-0.00082,0.00000,0.00000,0.00000,0.00000,0.00000,0.00000,0.00000,0.00000,0.00000,0.00000,0.00000,0.00000,0.00000,0.00000,0.00000,0.00000,0.00000,0.00000,0.00000,0.00000,0.00000,0.00000,0.00000,0.00000,0.00000,0.00000,0.00000,0.00000,0.00000,0.00000,0.00000,0.00000,0.00000,0.00000,0.00000,0.00000,0.00000,0.00000,0.00000,0.00000,0.00000,0.00000,0.00000,0.00000,0.00000,0.00000,0.00000,0.00000,0.00000,0.00148,0.00143,0.00139,0.00135,0.00132,0.00129,0.00126,0.00124,0.00122,0.00120,0.00118,0.00117,0.00116,0.00115,0.00115,0.00000,0.00000,0.00000
0.00000,-0.02509,-0.02438,-0.02333,-0.02199,-0.02038,-0.01855,-0.01655,-0.01444,-0.01225,-0.01004,-0.00786,-0.00575,-0.00374,-0.00186,-0.00015,0.00000,0.00000,0.00000,0.00000,0.00000,0.00000,0.00000,0.00000,0.00000,0.00000,0.00000,0.00000,0.00000,0.00000,0.00000,0.00000,0.00000,0.00000,0.00000,0.00000,0.00000,0.00000,0.00000,0.00000,0.00000,0.00000,0.00000,0.00000,0.00000,0.00000,0.00000,0.00000,0.00000,0.00000,0.00000,0.00000,0.00000,0.00000,0.00000,0.00000,0.00000,0.00000,0.00000,0.00000,0.00000,0.00000,0.00000,0.00000,0.00000,0.00146,0.00142,0.00137,0.00134,0.00130,0.00127,0.00124,0.00122,0.00120,0.00118,0.00116,0.00115,0.00114,0.00113,0.00112,0.00000,0.00000,0.00000
0.00000,-0.02792,-0.02708,-0.02586,-0.02428,-0.02240,-0.02027,-0.01795,-0.01549,-0.01297,-0.01044,-0.00795,-0.00555,-0.00329,-0.00120,0.00069,0.00000,0.00000,0.00000,0.00000,0.00000,0.00000,0.00000,0.00000,0.00000,0.00000,0.00000,0.00000,0.00000,0.00000,0.00000,0.00000,0.00000,0.00000,0.00000,0.00000,0.00000,0.00000,0.00000,0.00000,0.00000,0.00000,0.00000,0.00000,0.00000,0.00000,0.00000,0.00000,0.00000,0.00000,0.00000,0.00000,0.00000,0.00000,0.00000,0.00000,0.00000,0.00000,0.00000,0.00000,0.00000,0.00000,0.00000,0.00000,0.00000,0.00144,0.00139,0.00135,0.00131,0.00128,0.00125,0.00122,0.00119,0.00117,0.00115,0.00114,0.00112,0.00111,0.00110,0.00110,0.00000,0.00000,0.00000
0.00000,-0.03116,-0.03017,-0.02873,-0.02688,-0.02467,-0.02218,-0.01947,-0.01662,-0.01371,-0.01079,-0.00795,-0.00522,-0.00268,-0.00034,0.00175,0.00000,0.00000,0.00000,0.00000,0.00000,0.00000,0.00000,0.00000,0.00000,0.00000,0.00000,0.00000,0.00000,0.00000,0.00000,0.00000,0.00000,0.00000,0.00000,0.00000,0.00000,0.00000,0.00000,0.00000,0.00000,0.00000,0.00000,0.00000,0.00000,0.00000,0.00000,0.00000,0.00000,0.00000,0.00000,0.00000,0.00000,0.00000,0.00000,0.00000,0.00000,0.00000,0.00000,0.00000,0.00000,0.00000,0.00000,0.00000,0.00000,0.00142,0.00137,0.00133,0.00129,0.00125,0.00122,0.00119,0.00117,0.00115,0.00113,0.00111,0.00110,0.00109,0.00108,0.00107,0.00000,0.00000,0.00000
0.00000,-0.03489,-0.03372,-0.03201,-0.02982,-0.02722,-0.02430,-0.02114,-0.01782,-0.01444,-0.01108,-0.00782,-0.00472,-0.00185,0.00076,0.00306,0.00000,0.00000,0.00000,0.00000,0.00000,0.00000,0.00000,0.00000,0.00000,0.00000,0.00000,0.00000,0.00000,0.00000,0.00000,0.00000,0.00000,0.00000,0.00000,0.00000,0.00000,0.00000,0.00000,0.00000,0.00000,0.00000,0.00000,0.00000,0.00000,0.00000,0.00000,0.00000,0.00000,0.00000,0.00000,0.00000,0.00000,0.00000,0.00000,0.00000,0.00000,0.00000,0.00000,0.00000,0.00000,0.00000,0.00000,0.00000,0.00000,0.00139,0.00134,0.00130,0.00126,0.00122,0.00119,0.00116,0.00114,0.00112,0.00110,0.00108,0.00107,0.00106,0.00105,0.00104,0.00000,0.00000,0.00000
0.00000,-0.03920,-0.03780,-0.03577,-0.03318,-0.03011,-0.02666,-0.02295,-0.01908,-0.01515,-0.01127,-0.00752,-0.00400,-0.00075,0.00215,0.00469,0.00000,0.00000,0.00000,0.00000,0.00000,0.00000,0.00000,0.00000,0.00000,0.00000,0.00000,0.00000,0.00000,0.00000,0.00000,0.00000,0.00000,0.00000,0.00000,0.00000,0.00000,0.00000,0.00000,0.00000,0.00000,0.00000,0.00000,0.00000,0.00000,0.00000,0.00000,0.00000,0.00000,0.00000,0.00000,0.00000,0.00000,0.00000,0.00000,0.00000,0.00000,0.00000,0.00000,0.00000,0.00000,0.00000,0.00000,0.00000,0.00000,0.00135,0.00131,0.00126,0.00123,0.00119,0.00116,0.00113,0.00110,0.00108,0.00106,0.00105,0.00103,0.00102,0.00102,0.00101,0.00000,0.00000,0.00000
0.00000,-0.04419,-0.04252,-0.04009,-0.03701,-0.03337,-0.02930,-0.02493,-0.02039,-0.01582,-0.01132,-0.00701,-0.00299,0.00068,0.00392,0.00671,0.00000,0.00000,0.00000,0.00000,0.00000,0.00000,0.00000,0.00000,0.00000,0.00000,0.00000,0.00000,0.00000,0.00000,0.00000,0.00000,0.00000,0.00000,0.00000,0.00000,0.00000,0.00000,0.00000,0.00000,0.00000,0.00000,0.00000,0.00000,0.00000,0.00000,0.00000,0.00000,0.00000,0.00000,0.00000,0.00000,0.00000,0.00000,0.00000,0.00000,0.00000,0.00000,0.00000,0.00000,0.00000,0.00000,0.00000,0.00000,0.00000,0.00132,0.00127,0.00123,0.00119,0.00115,0.00112,0.00109,0.00107,0.00105,0.00103,0.00101,0.00100,0.00099,0.00098,0.00098,0.00000,0.00000,0.00000
0.00000,-0.05000,-0.04799,-0.04508,-0.04139,-0.03705,-0.03223,-0.02707,-0.02175,-0.01640,-0.01118,-0.00622,-0.00162,0.00253,0.00614,0.00920,0.00000,0.00000,0.00000,0.00000,0.00000,0.00000,0.00000,0.00000,0.00000,0.00000,0.00000,0.00000,0.00000,0.00000,0.00000,0.00000,0.00000,0.00000,0.00000,0.00000,0.00000,0.00000,0.00000,0.00000,0.00000,0.00000,0.00000,0.00000,0.00000,0.00000,0.00000,0.00000,0.00000,0.00000,0.00000,0.00000,0.00000,0.00000,0.00000,0.00000,0.00000,0.00000,0.00000,0.00000,0.00000,0.00000,0.00000,0.00000,0.00000,0.00127,0.00123,0.00119,0.00115,0.00111,0.00108,0.00105,0.00103,0.00101,0.00099,0.00097,0.00096,0.00095,0.00094,0.00094,0.00000,0.00000,0.00000
0.00000,-0.05679,-0.05436,-0.05085,-0.04641,-0.04123,-0.03549,-0.02939,-0.02312,-0.01687,-0.01079,-0.00506,0.00021,0.00490,0.00893,0.01226,0.00000,0.00000,0.00000,0.00000,0.00000,0.00000,0.00000,0.00000,0.00000,0.00000,0.00000,0.00000,0.00000,0.00000,0.00000,0.00000,0.00000,0.00000,0.00000,0.00000,0.00000,0.00000,0.00000,0.00000,0.00000,0.00000,0.00000,0.00000,0.00000,0.00000,0.00000,0.00000,0.00000,0.00000,0.00000,0.00000,0.00000,0.00000,0.00000,0.00000,0.00000,0.00000,0.00000,0.00000,0.00000,0.00000,0.00000,0.00000,0.00000,0.00123,0.00118,0.00114,0.00110,0.00107,0.00104,0.00101,0.00099,0.00097,0.00095,0.00093,0.00092,0.00091,0.00090,0.00090,0.00000,0.00000,0.00000
0.00000,-0.06477,-0.06180,-0.05754,-0.05218,-0.04596,-0.03911,-0.03188,-0.02448,-0.01715,-0.01007,-0.00343,0.00262,0.00793,0.01242,0.01604,0.00000,0.00000,0.00000,0.00000,0.00000,0.00000,0.00000,0.00000,0.00000,0.00000,0.00000,0.00000,0.00000,0.00000,0.00000,0.00000,0.00000,0.00000,0.00000,0.00000,0.00000,0.00000,0.00000,0.00000,0.00000,0.00000,0.00000,0.00000,0.00000,0.00000,0.00000,0.00000,0.00000,0.00000,0.00000,0.00000,0.00000,0.00000,0.00000,0.00000,0.00000,0.00000,0.00000,0.00000,0.00000,0.00000,0.00000,0.00000,0.00000,0.00118,0.00113,0.00109,0.00106,0.00102,0.00099,0.00097,0.00094,0.00092,0.00091,0.00089,0.00088,0.00087,0.00086,0.00086,0.00000,0.00000,0.00000
0.00000,-0.07419,-0.07054,-0.06533,-0.05882,-0.05132,-0.04312,-0.03452,-0.02579,-0.01717,-0.00890,-0.00120,0.00575,0.01179,0.01679,0.02069,0.00000,0.00000,0.00000,0.00000,0.00000,0.00000,0.00000,0.00000,0.00000,0.00000,0.00000,0.00000,0.00000,0.00000,0.00000,0.00000,0.00000,0.00000,0.00000,0.00000,0.00000,0.00000,0.00000,0.00000,0.00000,0.00000,0.00000,0.00000,0.00000,0.00000,0.00000,0.00000,0.00000,0.00000,0.00000,0.00000,0.00000,0.00000,0.00000,0.00000,0.00000,0.00000,0.00000,0.00000,0.00000,0.00000,0.00000,0.00000,0.00000,0.00112,0.00108,0.00104,0.00100,0.00097,0.00094,0.00092,0.00090,0.00088,0.00086,0.00084,0.00083,0.00082,0.00082,0.00081,0.00000,0.00000,0.00000
0.00000,-0.08538,-0.08084,-0.07442,-0.06646,-0.05737,-0.04754,-0.03730,-0.02697,-0.01684,-0.00717,0.00179,0.00980,0.01668,0.02225,0.02643,0.00000,0.00000,0.00000,0.00000,0.00000,0.00000,0.00000,0.00000,0.00000,0.00000,0.00000,0.00000,0.00000,0.00000,0.00000,0.00000,0.00000,0.00000,0.00000,0.00000,0.00000,0.00000,0.00000,0.00000,0.00000,0.00000,0.00000,0.00000,0.00000,0.00000,0.00000,0.00000,0.00000,0.00000,0.00000,0.00000,0.00000,0.00000,0.00000,0.00000,0.00000,0.00000,0.00000,0.00000,0.00000,0.00000,0.00000,0.00000,0.00000,0.00106,0.00102,0.00098,0.00095,0.00092,0.00089,0.00087,0.00084,0.00083,0.00081,0.00080,0.00078,0.00078,0.00077,0.00076,0.00000,0.00000,0.00000
0.00000,-0.09876,-0.09304,-0.08503,-0.07523,-0.06418,-0.05235,-0.04016,-0.02796,-0.01606,-0.00474,0.00571,0.01500,0.02287,0.02909,0.03354,0.00000,0.00000,0.00000,0.00000,0.00000,0.00000,0.00000,0.00000,0.00000,0.00000,0.00000,0.00000,0.00000,0.00000,0.00000,0.00000,0.00000,0.00000,0.00000,0.00000,0.00000,0.00000,0.00000,0.00000,0.00000,0.00000,0.00000,0.00000,0.00000,0.00000,0.00000,0.00000,0.00000,0.00000,0.00000,0.00000,0.00000,0.00000,0.00000,0.00000,0.00000,0.00000,0.00000,0.00000,0.00000,0.00000,0.00000,0.00000,0.00000,0.00100,0.00096,0.00092,0.00089,0.00086,0.00084,0.00081,0.00079,0.00077,0.00076,0.00074,0.00073,0.00073,0.00072,0.00071,0.00000,0.00000,0.00000
0.00000,-0.11487,-0.10754,-0.09742,-0.08525,-0.07175,-0.05753,-0.04304,-0.02865,-0.01469,-0.00143,0.01079,0.02163,0.03070,0.03769,0.04238,0.00000,0.00000,0.00000,0.00000,0.00000,0.00000,0.00000,0.00000,0.00000,0.00000,0.00000,0.00000,0.00000,0.00000,0.00000,0.00000,0.00000,0.00000,0.00000,0.00000,0.00000,0.00000,0.00000,0.00000,0.00000,0.00000,0.00000,0.00000,0.00000,0.00000,0.00000,0.00000,0.00000,0.00000,0.00000,0.00000,0.00000,0.00000,0.00000,0.00000,0.00000,0.00000,0.00000,0.00000,0.00000,0.00000,0.00000,0.00000,0.00000,0.00093,0.00089,0.00086,0.00083,0.00080,0.00078,0.00075,0.00074,0.00072,0.00070,0.00069,0.00068,0.00067,0.00067,0.00066,0.00000,0.00000,0.00000
0.00000,-0.13444,-0.12484,-0.11185,-0.09660,-0.08006,-0.06296,-0.04580,-0.02893,-0.01260,0.00290,0.01726,0.03001,0.04064,0.04858,0.05348,0.00000,0.00000,0.00000,0.00000,0.00000,0.00000,0.00000,0.00000,0.00000,0.00000,0.00000,0.00000,0.00000,0.00000,0.00000,0.00000,0.00000,0.00000,0.00000,0.00000,0.00000,0.00000,0.00000,0.00000,0.00000,0.00000,0.00000,0.00000,0.00000,0.00000,0.00000,0.00000,0.00000,0.00000,0.00000,0.00000,0.00000,0.00000,0.00000,0.00000,0.00000,0.00000,0.00000,0.00000,0.00000,0.00000,0.00000,0.00000,0.00000,0.00086,0.00083,0.00079,0.00076,0.00074,0.00072,0.00070,0.00068,0.00066,0.00065,0.00064,0.00063,0.00062,0.00061,0.00061,0.00000,0.00000,0.00000
0.00000,-0.15847,-0.14553,-0.12854,-0.10925,-0.08894,-0.06846,-0.04828,-0.02865,-0.00970,0.00839,0.02532,0.04054,0.05325,0.06251,0.06758,0.00000,0.00000,0.00000,0.00000,0.00000,0.00000,0.00000,0.00000,0.00000,0.00000,0.00000,0.00000,0.00000,0.00000,0.00000,0.00000,0.00000,0.00000,0.00000,0.00000,0.00000,0.00000,0.00000,0.00000,0.00000,0.00000,0.00000,0.00000,0.00000,0.00000,0.00000,0.00000,0.00000,0.00000,0.00000,0.00000,0.00000,0.00000,0.00000,0.00000,0.00000,0.00000,0.00000,0.00000,0.00000,0.00000,0.00000,0.00000,0.00000,0.00079,0.00075,0.00072,0.00070,0.00067,0.00065,0.00063,0.00062,0.00060,0.00059,0.00058,0.00057,0.00056,0.00056,0.00055,0.00000,0.00000,0.00000
0.00000,-0.18835,-0.17025,-0.14755,-0.12290,-0.09798,-0.07365,-0.05022,-0.02769,-0.00595,0.01505,0.03509,0.05357,0.06930,0.08062,0.08590,0.00000,0.00000,0.00000,0.00000,0.00000,0.00000,0.00000,0.00000,0.00000,0.00000,0.00000,0.00000,0.00000,0.00000,0.00000,0.00000,0.00000,0.00000,0.00000,0.00000,0.00000,0.00000,0.00000,0.00000,0.00000,0.00000,0.00000,0.00000,0.00000,0.00000,0.00000,0.00000,0.00000,0.00000,0.00000,0.00000,0.00000,0.00000,0.00000,0.00000,0.00000,0.00000,0.00000,0.00000,0.00000,0.00000,0.00000,0.00000,0.00000,0.00071,0.00068,0.00065,0.00063,0.00061,0.00059,0.00057,0.00055,0.00054,0.00053,0.00052,0.00051,0.00051,0.00050,0.00050,0.00000,0.00000,0.00000
0.00000,-0.22603,-0.19956,-0.16852,-0.13683,-0.10643,-0.07795,-0.05127,-0.02594,-0.00144,0.02266,0.04644,0.06934,0.08978,0.10477,0.11058,0.00000,0.00000,0.00000,0.00000,0.00000,0.00000,0.00000,0.00000,0.00000,0.00000,0.00000,0.00000,0.00000,0.00000,0.00000,0.00000,0.00000,0.00000,0.00000,0.00000,0.00000,0.00000,0.00000,0.00000,0.00000,0.00000,0.00000,0.00000,0.00000,0.00000,0.00000,0.00000,0.00000,0.00000,0.00000,0.00000,0.00000,0.00000,0.00000,0.00000,0.00000,0.00000,0.00000,0.00000,0.00000,0.00000,0.00000,0.00000,0.00000,0.00063,0.00060,0.00058,0.00055,0.00053,0.00052,0.00050,0.00049,0.00048,0.00047,0.00046,0.00045,0.00045,0.00044,0.00044,0.00000,0.00000,0.00000
0.00000,-0.27415,-0.23343,-0.19014,-0.14947,-0.11297,-0.08044,-0.05095,-0.02337,0.00347,0.03058,0.05865,0.08760,0.11569,0.13809,0.14602,0.00000,0.00000,0.00000,0.00000,0.00000,0.00000,0.00000,0.00000,0.00000,0.00000,0.00000,0.00000,0.00000,0.00000,0.00000,0.00000,0.00000,0.00000,0.00000,0.00000,0.00000,0.00000,0.00000,0.00000,0.00000,0.00000,0.00000,0.00000,0.00000,0.00000,0.00000,0.00000,0.00000,0.00000,0.00000,0.00000,0.00000,0.00000,0.00000,0.00000,0.00000,0.00000,0.00000,0.00000,0.00000,0.00000,0.00000,0.00000,0.00000,0.00054,0.00052,0.00050,0.00048,0.00046,0.00045,0.00043,0.00042,0.00041,0.00040,0.00040,0.00039,0.00038,0.00038,0.00038,0.00000,0.00000,0.00000
0.00000,-0.33563,-0.26989,-0.20915,-0.15792,-0.11553,-0.07988,-0.04874,-0.02005,0.00811,0.03754,0.06998,0.10671,0.14730,0.18586,0.20324,0.00000,0.00000,0.00000,0.00000,0.00000,0.00000,0.00000,0.00000,0.00000,0.00000,0.00000,0.00000,0.00000,0.00000,0.00000,0.00000,0.00000,0.00000,0.00000,0.00000,0.00000,0.00000,0.00000,0.00000,0.00000,0.00000,0.00000,0.00000,0.00000,0.00000,0.00000,0.00000,0.00000,0.00000,0.00000,0.00000,0.00000,0.00000,0.00000,0.00000,0.00000,0.00000,0.00000,0.00000,0.00000,0.00000,0.00000,0.00000,0.00000,0.00046,0.00044,0.00042,0.00040,0.00039,0.00038,0.00036,0.00035,0.00035,0.00034,0.00033,0.00033,0.00032,0.00032,0.00032,0.00000,0.00000,0.00000
0.00000,-0.41025,-0.30135,-0.21864,-0.15754,-0.11135,-0.07482,-0.04409,-0.01619,0.01147,0.04151,0.07702,0.12197,0.18094,0.25483,0.31633,0.00000,0.00000,0.00000,0.00000,0.00000,0.00000,0.00000,0.00000,0.00000,0.00000,0.00000,0.00000,0.00000,0.00000,0.00000,0.00000,0.00000,0.00000,0.00000,0.00000,0.00000,0.00000,0.00000,0.00000,0.00000,0.00000,0.00000,0.00000,0.00000,0.00000,0.00000,0.00000,0.00000,0.00000,0.00000,0.00000,0.00000,0.00000,0.00000,0.00000,0.00000,0.00000,0.00000,0.00000,0.00000,0.00000,0.00000,0.00000,0.00000,0.00037,0.00035,0.00034,0.00032,0.00031,0.00030,0.00029,0.00028,0.00028,0.00027,0.00027,0.00026,0.00026,0.00026,0.00026,0.00000,0.00000,0.00000
0.00000,-0.47636,-0.30661,-0.20653,-0.14224,-0.09752,-0.06396,-0.03661,-0.01208,0.01245,0.03999,0.07461,0.12320,0.19965,0.33620,0.61274,0.00000,0.00000,0.00000,0.00000,0.00000,0.00000,0.00000,0.00000,0.00000,0.00000,0.00000,0.00000,0.00000,0.00000,0.00000,0.00000,0.00000,0.00000,0.00000,0.00000,0.00000,0.00000,0.00000,0.00000,0.00000,0.00000,0.00000,0.00000,0.00000,0.00000,0.00000,0.00000,0.00000,0.00000,0.00000,0.00000,0.00000,0.00000,0.00000,0.00000,0.00000,0.00000,0.00000,0.00000,0.00000,0.00000,0.00000,0.00000,0.00000,0.00028,0.00026,0.00025,0.00024,0.00024,0.00023,0.00022,0.00021,0.00021,0.00020,0.00020,0.00020,0.00020,0.00019,0.00019,0.00000,0.00000,0.00000
0.00000,-0.40414,-0.24219,-0.15865,-0.10737,-0.07253,-0.04688,-0.02631,-0.00799,0.01043,0.03140,0.05825,0.09657,0.15826,0.27757,0.58370,0.00000,0.00000,0.00000,0.00000,0.00000,0.00000,0.00000,0.00000,0.00000,0.00000,0.00000,0.00000,0.00000,0.00000,0.00000,0.00000,0.00000,0.00000,0.00000,0.00000,0.00000,0.00000,0.00000,0.00000,0.00000,0.00000,0.00000,0.00000,0.00000,0.00000,0.00000,0.00000,0.00000,0.00000,0.00000,0.00000,0.00000,0.00000,0.00000,0.00000,0.00000,0.00000,0.00000,0.00000,0.00000,0.00000,0.00000,0.00000,0.00000,0.00019,0.00018,0.00017,0.00016,0.00016,0.00015,0.00015,0.00014,0.00014,0.00014,0.00013,0.00013,0.00013,0.00013,0.00013,0.00000,0.00000,0.00000
0.00000,-0.07671,-0.09935,-0.07851,-0.05605,-0.03833,-0.02474,-0.01376,-0.00397,0.00584,0.01692,0.03043,0.04656,0.05924,0.03214,-0.20826,0.00000,0.00000,0.00000,0.00000,0.00000,0.00000,0.00000,0.00000,0.00000,0.00000,0.00000,0.00000,0.00000,0.00000,0.00000,0.00000,0.00000,0.00000,0.00000,0.00000,0.00000,0.00000,0.00000,0.00000,0.00000,0.00000,0.00000,0.00000,0.00000,0.00000,0.00000,0.00000,0.00000,0.00000,0.00000,0.00000,0.00000,0.00000,0.00000,0.00000,0.00000,0.00000,0.00000,0.00000,0.00000,0.00000,0.00000,0.00000,0.00000,0.00009,0.00009,0.00009,0.00008,0.00008,0.00008,0.00007,0.00007,0.00007,0.00007,0.00007,0.00007,0.00007,0.00006,0.00006,0.00000,0.00000,0.00000
0.00000,0.07671,0.09935,0.07851,0.05605,0.03833,0.02474,0.01376,0.00397,-0.00584,-0.01692,-0.03043,-0.04656,-0.05924,-0.03214,0.20826,-0.00000,0.00000,0.00000,0.00000,0.00000,0.00000,0.00000,0.00000,0.00000,0.00000,0.00000,0.00000,0.00000,0.00000,0.00000,0.00000,0.00000,0.00000,0.00000,0.00000,0.00000,0.00000,0.00000,0.00000,0.00000,0.00000,0.00000,0.00000,0.00000,0.00000,0.00000,0.00000,0.00000,0.00000,0.00000,0.00000,0.00000,0.00000,0.00000,0.00000,0.00000,0.00000,0.00000,0.00000,0.00000,0.00000,0.00000,0.00000,0.00000,0.00009,0.00009,0.00009,0.00008,0.00008,0.00008,0.00007,0.00007,0.00007,0.00007,0.00007,0.00007,0.00007,0.00006,0.00006,0.00000,0.00000,0.00000
0.00000,0.00000,0.00000,0.00000,0.00000,0.00000,0.00000,0.00000,0.00000,0.00000,0.00000,0.00000,0.00000,0.00000,0.00000,0.00000,0.00000,0.00000,0.00000,0.00000,0.00000,0.00000,0.00000,0.00000,0.00000,0.00000,0.00000,0.00000,0.00000,0.00000,0.00000,0.00000,0.00000,0.00000,0.00000,0.00000,0.00000,0.00000,0.00000,0.00000,0.00000,0.00000,0.00000,0.00000,0.00000,0.00000,0.00000,0.00000,0.00000,0.00000,0.00000,0.00000,0.00000,0.00000,0.00000,0.00000,0.00000,0.00000,0.00000,0.00000,0.00000,0.00000,0.00000,0.00000,0.00000,0.00000,0.00000,0.00000,0.00000,0.00000,0.00000,0.00000,0.00000,0.00000,0.00000,0.00000,0.00000,0.00000,0.00000,0.00000,0.00000,0.00000,0.00000
